Time-Year,Time-Date,Ticker,AAPL,CDW,CTRX,FB,GOOG,GOOGL,INTC,MSFT,MU,QCOM,STX,TECD,TXN,WDC
2012,2012-04-05,,100.00,,100.00,,,100.00,100.00,100.00,100.00,100.00,100.00,100.00,100.00,100.00
2012,2012-04-09,,100.40,,99.44,,,99.77,98.90,98.66,96.84,98.98,103.03,98.65,99.00,99.87
2012,2012-04-10,,99.17,,96.88,,,99.13,97.76,96.67,94.20,98.56,99.66,97.42,97.61,96.30
2012,2012-04-11,,98.81,,98.31,,,100.58,99.22,96.30,94.47,98.56,100.64,98.54,98.54,96.17
2012,2012-04-12,,98.27,,99.23,,,102.95,101.45,98.28,94.20,101.69,104.91,100.32,100.17,98.61
2012,2012-04-13,,95.51,,100.28,,,98.78,100.08,97.74,91.70,99.23,106.45,99.78,99.14,98.19
2012,2012-04-16,,91.54,,100.18,,,95.85,101.22,98.59,93.81,98.60,110.81,99.21,99.20,99.55
2012,2012-04-17,,96.21,,102.50,,,96.40,101.41,99.76,95.39,100.06,108.42,101.07,101.00,99.42
2012,2012-04-18,,96.00,,114.13,,,96.07,99.57,98.80,93.15,99.70,112.56,100.79,100.80,104.56
2012,2012-04-19,,92.70,,123.88,,,94.78,98.63,98.39,92.36,93.11,111.84,99.93,100.56,105.80
2012,2012-04-20,,90.41,,122.35,,,94.27,98.31,102.85,87.48,92.66,113.55,100.00,100.03,104.28
2012,2012-04-23,,90.21,,118.85,,,94.51,97.76,101.92,87.35,91.62,113.97,98.17,98.24,104.22
2012,2012-04-24,,88.42,,117.04,,,95.09,97.29,101.27,85.77,92.08,115.98,98.17,96.61,104.28
2012,2012-04-25,,96.26,,118.52,,,96.43,99.25,102.16,85.90,94.15,120.60,99.83,98.47,108.55
2012,2012-04-26,,95.89,,117.06,,,97.33,100.51,101.89,86.96,95.12,120.85,101.50,98.94,110.97
2012,2012-04-27,,95.16,,117.11,,,97.26,101.10,101.48,86.56,95.53,115.00,102.38,99.63,95.44
2012,2012-04-30,,92.15,,115.68,,,95.66,101.18,101.58,86.82,95.01,120.60,100.69,98.90,97.67
2012,2012-05-01,,91.86,,116.50,,,95.59,103.14,101.54,88.01,94.71,125.04,100.45,98.64,100.73
2012,2012-05-02,,92.46,,122.40,,,96.03,103.92,100.89,89.86,95.61,126.28,100.69,99.37,101.97
2012,2012-05-03,,91.81,,116.70,,,96.63,102.47,100.75,85.24,94.59,122.48,99.01,97.21,98.74
2012,2012-05-04,,89.20,,116.86,,,94.41,100.12,98.28,86.30,92.14,119.32,98.26,94.76,97.82
2012,2012-05-07,,89.86,,113.97,,,96.08,99.61,97.26,85.64,92.15,121.58,97.29,94.79,98.50
2012,2012-05-08,,89.65,,115.89,,,96.91,98.20,96.78,82.21,93.27,119.23,96.89,94.86,98.48
2012,2012-05-09,,89.82,,115.91,,,96.33,97.57,97.60,83.79,92.30,119.83,96.46,94.76,100.52
2012,2012-05-10,,90.03,,115.71,,,97.05,97.72,97.53,82.87,92.99,123.38,95.69,95.32,102.52
2012,2012-05-11,,89.43,,119.03,,,95.72,99.14,98.87,83.79,92.08,122.09,95.25,95.22,101.39
2012,2012-05-14,,88.09,,116.78,,,95.52,96.94,97.32,81.82,91.48,122.99,96.99,94.86,100.47
2012,2012-05-15,,87.29,,116.37,,,96.64,96.43,96.47,79.31,91.45,122.74,96.16,93.83,100.55
2012,2012-05-16,,86.18,,116.86,,,99.46,95.10,95.47,81.03,87.98,118.55,91.84,92.80,97.19
2012,2012-05-17,,83.66,,116.02,,,98.53,93.96,94.92,78.39,85.08,112.39,89.46,90.91,93.28
2012,2012-05-18,,83.69,,113.51,100.00,,94.95,93.53,93.48,74.18,83.32,105.51,88.84,88.98,87.20
2012,2012-05-21,,88.57,,115.22,89.01,,97.12,93.84,94.99,76.15,85.17,109.19,89.63,91.30,90.48
2012,2012-05-22,,87.89,,115.12,81.09,,95.01,93.41,95.03,75.23,86.22,103.33,90.47,90.94,86.83
2012,2012-05-23,,90.04,,115.50,83.70,,96.39,91.29,92.97,75.76,86.54,101.07,89.84,90.24,85.81
2012,2012-05-24,,89.21,,114.74,86.40,,95.47,92.04,92.83,75.63,85.06,103.46,90.10,89.48,85.13
2012,2012-05-25,,88.73,,116.65,83.47,,93.55,92.35,92.80,78.52,85.31,102.65,89.42,89.64,86.07
2012,2012-05-29,,90.31,,116.65,75.44,,93.99,93.61,94.41,80.63,86.91,98.12,90.47,90.94,83.47
2012,2012-05-30,,91.39,,113.33,73.74,,93.03,93.76,93.69,78.92,85.88,95.34,89.85,89.64,81.09
2012,2012-05-31,,91.17,,114.56,77.43,,91.86,92.70,93.21,76.94,85.66,91.84,89.12,88.22,78.99
2012,2012-06-01,,88.52,,113.10,72.51,,90.30,90.19,90.84,71.81,82.39,85.21,88.24,83.64,75.76
2012,2012-06-04,,89.05,,112.23,70.36,,91.50,89.84,91.18,71.01,83.48,86.79,86.80,83.90,75.24
2012,2012-06-05,,88.81,,114.71,67.67,,90.21,91.25,91.05,73.78,85.47,88.59,86.73,85.10,75.31
2012,2012-06-06,,90.18,,119.41,70.13,,91.82,93.53,93.72,75.76,87.29,92.78,89.09,88.58,77.86
2012,2012-06-07,,90.21,,118.62,68.82,,91.44,93.06,93.34,74.70,86.69,88.85,88.02,87.42,77.54
2012,2012-06-08,,91.58,,119.85,70.89,,91.80,94.74,94.68,77.47,87.84,91.71,88.79,88.32,78.57
2012,2012-06-11,,90.13,,115.79,70.65,,89.90,93.25,92.28,75.23,86.38,88.46,87.78,85.63,77.15
2012,2012-06-12,,90.91,,118.16,71.67,,89.37,95.14,93.55,78.00,88.80,90.90,87.98,87.45,76.84
2012,2012-06-13,,90.28,,117.70,71.33,,88.74,95.21,93.04,77.21,88.11,93.50,88.09,86.16,76.34
2012,2012-06-14,,90.19,,120.95,74.00,,88.41,96.78,93.69,75.89,84.89,91.88,86.86,85.89,76.00
2012,2012-06-15,,90.60,,121.00,78.50,,89.28,98.08,95.88,77.60,84.45,92.39,87.63,86.29,77.23
2012,2012-06-18,,92.44,,125.87,82.16,,90.28,98.39,95.30,78.26,84.86,93.46,88.71,86.79,76.86
2012,2012-06-19,,92.70,,125.87,83.47,,91.97,98.71,98.04,80.37,85.23,95.98,89.12,87.55,77.65
2012,2012-06-20,,92.43,,124.73,82.66,,91.33,99.18,98.77,80.63,85.20,95.34,89.59,88.38,77.73
2012,2012-06-21,,91.16,,119.13,83.29,,89.39,95.84,96.26,74.44,82.41,88.93,87.50,85.50,73.90
2012,2012-06-22,,91.86,,121.99,86.45,,90.38,96.67,98.04,75.63,83.16,91.50,88.15,86.89,74.74
2012,2012-06-25,,90.07,,118.39,83.86,,88.67,93.45,95.40,73.65,80.06,91.24,86.60,83.57,72.80
2012,2012-06-26,,90.27,,121.17,86.58,,89.30,93.33,95.88,74.18,80.61,94.57,87.38,83.70,73.29
2012,2012-06-27,,90.66,,122.22,84.31,,90.03,94.08,96.36,75.36,82.08,96.15,88.19,83.84,74.97
2012,2012-06-28,,89.79,,121.12,82.03,,89.24,92.66,95.51,78.66,81.17,91.15,87.87,83.21,72.46
2012,2012-06-29,,92.16,,126.69,81.35,,91.74,95.61,97.70,83.14,83.23,96.97,90.17,88.85,76.71
2012,2012-07-02,,93.50,,123.86,80.49,,91.80,95.68,97.60,86.30,83.21,96.28,90.43,87.59,75.08
2012,2012-07-03,,94.59,,123.70,81.61,,92.96,96.39,98.22,90.78,84.09,98.50,91.89,88.45,77.94
2012,2012-07-05,,96.24,,123.09,82.32,,94.24,95.25,98.04,89.72,84.07,98.33,90.55,87.99,77.20
2012,2012-07-06,,95.61,,121.86,83.00,,92.67,93.88,96.40,88.54,82.68,97.86,90.10,85.86,78.04
2012,2012-07-09,,96.87,,121.30,84.15,,92.68,93.88,95.81,85.51,82.69,101.79,89.31,84.90,79.33
2012,2012-07-10,,95.98,,118.80,82.32,,91.99,91.72,94.96,81.16,82.47,99.40,88.81,84.83,80.54
2012,2012-07-11,,95.38,,121.30,81.01,,90.33,91.09,93.58,81.82,81.26,99.44,88.60,84.57,79.25
2012,2012-07-12,,94.51,,118.80,80.59,,90.22,88.78,91.42,80.76,80.31,98.93,88.19,82.81,78.88
2012,2012-07-13,,95.46,,121.17,80.36,,91.17,90.58,93.86,80.76,82.17,101.20,87.70,83.67,79.46
2012,2012-07-16,,95.77,,118.85,73.89,,90.92,90.15,94.03,79.05,81.25,102.09,87.63,81.85,79.56
2012,2012-07-17,,95.78,,116.32,73.48,,91.21,91.06,94.72,76.02,81.41,104.96,87.44,82.34,80.43
2012,2012-07-18,,95.67,,117.29,76.14,,91.84,94.04,97.26,76.94,83.78,107.95,89.27,85.63,84.05
2012,2012-07-19,,96.94,,115.35,75.86,,93.79,93.49,97.94,76.15,87.35,106.54,89.25,86.86,82.29
2012,2012-07-20,,95.36,,114.79,75.23,,96.60,91.57,96.19,76.81,86.22,105.09,88.54,84.40,80.69
2012,2012-07-23,,95.29,,109.58,75.20,,97.34,90.62,93.52,74.04,85.67,104.10,87.08,83.07,81.22
2012,2012-07-24,,94.82,,107.66,74.42,,96.09,89.72,93.10,75.49,84.89,103.72,85.70,82.28,79.93
2012,2012-07-25,,90.73,,107.64,76.75,,96.15,90.15,92.08,76.94,85.63,103.16,86.24,82.48,81.69
2012,2012-07-26,,90.72,,108.15,70.23,,97.00,91.49,93.10,78.52,87.01,117.86,90.40,83.77,98.82
2012,2012-07-27,,92.34,,110.50,62.02,,100.42,93.37,95.03,82.74,88.70,117.65,94.81,85.20,100.45
2012,2012-07-30,,93.90,,111.32,60.55,,100.00,92.43,94.65,80.50,88.42,119.32,95.04,84.80,101.08
2012,2012-07-31,,96.38,,107.94,56.79,,100.10,92.19,94.10,81.82,89.20,117.69,93.79,84.90,100.08
2012,2012-08-01,,95.75,,113.05,54.62,,100.06,93.02,93.93,82.61,88.97,118.50,88.67,86.13,99.19
2012,2012-08-02,,95.91,,113.64,52.42,,99.43,92.98,93.21,81.16,88.01,117.48,85.45,84.93,100.39
2012,2012-08-03,,97.15,,115.43,55.17,,101.43,94.94,94.99,83.40,90.05,121.28,88.51,88.12,103.17
2012,2012-08-06,,98.24,,115.17,57.34,,101.66,95.21,95.64,86.56,89.88,125.09,88.94,88.02,103.80
2012,2012-08-07,,97.98,,116.60,54.20,,101.30,95.92,96.64,89.86,91.68,127.78,89.05,91.11,105.06
2012,2012-08-08,,97.82,,117.68,54.20,,101.57,96.27,96.84,90.78,91.86,127.99,89.76,91.50,105.33
2012,2012-08-09,,98.37,,118.52,54.96,,101.59,96.63,97.39,89.72,92.67,129.74,91.95,92.07,108.26
2012,2012-08-10,,98.53,,115.79,57.05,,101.53,97.29,97.15,89.06,92.64,135.30,92.40,92.73,110.68
2012,2012-08-13,,99.84,,112.82,56.50,,104.38,96.59,97.05,88.54,92.83,135.38,92.32,92.07,111.52
2012,2012-08-14,,100.10,,113.18,53.31,,105.74,95.84,96.84,86.30,93.25,134.79,92.59,91.87,110.70
2012,2012-08-15,,99.98,,112.59,55.45,,105.57,95.10,97.08,85.51,93.46,135.04,94.12,93.20,111.15
2012,2012-08-16,,100.85,,112.95,51.97,,106.41,96.23,98.94,87.09,93.54,137.05,95.11,94.36,114.27
2012,2012-08-17,,102.71,,113.84,49.83,,107.09,95.29,99.35,86.56,94.60,141.20,95.34,93.06,114.43
2012,2012-08-20,,105.41,,111.85,52.34,,106.83,94.94,98.83,85.51,93.86,138.89,97.62,92.03,114.03
2012,2012-08-21,,103.97,,111.37,50.12,,105.88,94.51,99.01,85.11,92.80,137.44,92.18,92.37,112.38
2012,2012-08-22,,106.01,,111.62,50.85,,107.09,93.13,98.18,83.27,92.92,139.23,90.77,91.57,111.96
2012,2012-08-23,,105.02,,115.84,50.85,,107.03,90.62,97.29,82.48,92.73,133.38,91.78,91.37,109.39
2012,2012-08-24,,105.11,,117.57,50.77,,107.32,90.15,98.25,83.00,93.32,134.83,91.91,92.13,109.78
2012,2012-08-27,,107.08,,113.64,50.09,,105.83,89.92,98.66,82.08,93.22,134.02,92.01,91.37,110.18
2012,2012-08-28,,106.94,,113.00,50.59,,107.10,90.47,98.46,81.69,92.69,133.29,92.06,91.14,109.44
2012,2012-08-29,,106.73,,111.32,49.96,,108.81,89.29,98.52,81.69,92.84,132.99,92.68,91.64,109.44
2012,2012-08-30,,105.21,,109.50,49.93,,107.80,87.84,97.46,81.42,91.48,127.52,90.57,90.41,105.93
2012,2012-08-31,,105.42,,111.32,47.24,,108.34,89.88,99.07,81.82,91.87,126.71,90.94,90.51,105.22
2012,2012-09-04,,106.96,,112.69,46.38,,107.70,88.39,97.70,80.24,90.90,128.25,92.19,89.74,106.48
2012,2012-09-05,,106.22,,111.49,48.60,,107.65,88.27,97.70,81.55,91.07,128.76,90.45,88.88,105.27
2012,2012-09-06,,107.17,,116.55,49.59,,110.61,90.86,100.79,88.01,93.99,125.51,92.38,92.13,108.47
2012,2012-09-07,,107.84,,117.83,49.65,,111.68,87.56,99.49,84.58,92.95,121.15,92.57,90.94,105.33
2012,2012-09-10,,105.03,,117.42,49.20,,110.83,84.19,98.77,84.45,92.00,118.25,91.73,89.35,103.62
2012,2012-09-11,,104.69,,118.52,50.82,,109.47,84.46,98.97,83.79,92.83,119.19,91.91,89.08,106.30
2012,2012-09-12,,106.15,,118.80,54.75,,109.26,83.92,98.94,85.24,93.72,118.76,92.29,89.11,104.38
2012,2012-09-13,,108.24,,122.53,54.17,,111.66,84.54,99.45,86.96,95.84,120.04,92.38,90.11,107.14
2012,2012-09-14,,109.55,,121.30,57.55,,112.23,84.58,100.34,88.27,97.38,120.68,94.25,92.13,103.31
2012,2012-09-17,,110.89,,122.86,56.29,,112.28,84.39,100.34,86.56,97.27,117.78,93.67,90.71,99.34
2012,2012-09-18,,111.23,,122.84,57.21,,113.59,84.58,100.24,85.38,97.68,117.52,92.23,89.31,99.03
2012,2012-09-19,,111.27,,121.69,60.92,,115.05,83.80,99.83,87.62,97.68,116.67,91.09,89.41,98.29
2012,2012-09-20,,110.73,,121.79,59.09,,115.15,83.92,101.10,84.98,96.58,118.85,90.64,89.91,98.29
2012,2012-09-21,,110.95,,122.12,59.80,,116.08,83.72,100.27,83.79,96.47,122.56,88.62,90.34,101.05
2012,2012-09-24,,109.47,,123.98,54.38,,118.51,82.50,98.94,82.48,95.56,124.15,87.83,89.38,100.71
2012,2012-09-25,,106.74,,126.18,53.05,,118.48,81.56,97.70,80.50,94.15,124.91,86.17,86.72,99.76
2012,2012-09-26,,105.41,,124.78,53.94,,119.16,81.99,96.98,78.26,93.54,122.65,85.55,85.93,97.77
2012,2012-09-27,,107.98,,125.01,53.15,,119.64,83.56,96.95,79.31,95.29,126.41,86.48,86.89,100.21
2012,2012-09-28,,105.72,,125.13,56.66,,119.32,82.03,95.68,78.79,93.77,122.56,84.71,85.89,98.06
2012,2012-10-01,,104.50,,126.59,57.52,,120.47,82.39,94.79,76.02,92.92,119.10,84.24,86.06,96.54
2012,2012-10-02,,104.81,,126.41,58.25,,119.71,82.66,95.33,76.94,92.75,119.91,84.46,86.06,96.64
2012,2012-10-03,,106.42,,130.50,57.10,,120.59,81.60,95.99,76.94,93.16,118.97,82.82,85.63,95.20
2012,2012-10-04,,105.67,,131.67,57.42,,121.46,81.33,96.54,77.47,94.04,118.76,82.80,86.99,96.20
2012,2012-10-05,,103.42,,131.19,54.70,,121.40,82.07,95.95,77.60,94.02,117.14,82.72,87.75,96.20
2012,2012-10-08,,101.13,,130.19,53.36,,119.85,81.48,95.75,77.08,92.15,116.92,82.59,87.22,97.09
2012,2012-10-09,,100.77,,127.10,52.92,,117.68,79.25,94.13,75.89,90.65,113.59,80.85,85.16,94.18
2012,2012-10-10,,101.57,,127.46,51.37,,117.75,78.78,93.17,75.89,89.72,111.75,80.12,84.67,92.10
2012,2012-10-11,,99.55,,129.50,51.66,,118.84,78.46,93.07,75.76,88.87,111.84,80.48,85.10,92.65
2012,2012-10-12,,99.79,,128.17,51.06,,117.78,77.76,93.86,74.70,88.39,111.11,80.08,85.03,91.21
2012,2012-10-15,,100.59,,127.99,51.06,,117.18,78.66,94.85,75.36,88.98,112.56,80.21,87.95,90.53
2012,2012-10-16,,102.97,,132.29,50.95,,117.77,80.89,94.79,76.15,90.60,113.16,81.97,89.55,92.05
2012,2012-10-17,,102.16,,129.30,52.00,,119.48,78.85,95.13,76.15,91.53,112.35,83.30,88.72,91.76
2012,2012-10-18,,100.26,,128.81,49.65,,109.91,78.42,94.82,74.44,89.99,110.73,83.56,89.64,90.01
2012,2012-10-19,,96.65,,123.68,49.70,,107.82,76.97,92.08,71.81,88.18,110.47,82.68,86.69,88.33
2012,2012-10-22,,100.48,,124.09,50.54,,107.33,77.68,90.02,71.67,88.07,112.09,82.98,86.62,89.32
2012,2012-10-23,,97.20,,124.04,51.01,,107.60,78.15,90.15,71.28,87.53,110.04,83.21,86.76,87.17
2012,2012-10-24,,97.75,,121.17,60.76,,107.11,77.68,89.67,68.12,86.51,109.66,81.52,86.33,85.49
2012,2012-10-25,,96.59,,125.19,59.01,,107.19,78.50,89.64,74.97,86.19,111.37,82.35,87.69,87.09
2012,2012-10-26,,95.72,,121.76,57.39,,106.77,79.44,90.67,72.07,88.61,110.47,83.10,90.14,86.39
2012,2012-10-31,,94.34,,120.46,55.22,,107.59,78.31,91.73,71.54,87.96,108.21,82.95,88.18,86.67
2012,2012-11-01,,94.54,,130.78,55.48,,108.74,80.58,94.89,76.28,89.64,111.75,86.17,91.70,89.66
2012,2012-11-02,,91.41,,126.85,55.40,,108.79,79.84,94.82,75.23,89.00,110.94,84.93,89.58,89.14
2012,2012-11-05,,92.65,,126.82,55.58,,108.01,79.87,95.27,76.94,90.70,114.19,84.99,92.53,90.03
2012,2012-11-06,,92.37,,123.52,55.38,,107.81,79.44,95.99,80.24,90.62,119.91,87.21,93.99,93.78
2012,2012-11-07,,88.84,,121.61,53.54,,105.50,76.46,93.48,77.87,87.23,116.07,85.25,91.97,89.38
2012,2012-11-08,,85.61,,121.33,52.29,,103.16,76.19,92.62,74.97,91.06,117.22,84.59,91.47,88.22
2012,2012-11-09,,87.09,,122.66,50.25,,104.86,76.07,92.69,74.04,92.48,116.28,85.19,92.63,88.90
2012,2012-11-12,,86.42,,125.16,52.50,,105.31,75.95,90.70,73.39,92.48,112.26,84.91,92.63,87.96
2012,2012-11-13,,86.43,,126.62,51.95,,104.22,74.15,87.79,75.63,93.25,111.79,84.09,92.23,87.80
2012,2012-11-14,,85.48,,117.68,58.49,,103.20,72.97,87.00,73.25,92.66,107.18,82.61,90.28,85.70
2012,2012-11-15,,83.68,,119.92,57.99,,102.36,73.24,86.42,72.07,91.98,107.52,81.71,90.38,85.70
2012,2012-11-16,,84.01,,121.28,61.63,,102.35,73.83,85.97,72.07,92.95,108.50,81.79,88.91,87.57
2012,2012-11-19,,90.06,,124.24,59.95,,105.67,74.03,86.62,72.99,93.19,108.42,85.10,90.74,88.61
2012,2012-11-20,,89.30,,124.50,60.42,,105.95,71.32,86.55,73.25,93.27,106.58,83.53,92.03,86.33
2012,2012-11-21,,89.42,,124.29,63.61,,105.31,70.81,87.34,72.73,93.27,107.05,82.37,91.67,87.07
2012,2012-11-23,,90.98,,125.75,62.78,,105.64,72.11,89.78,74.84,94.76,109.23,83.21,92.90,88.85
2012,2012-11-26,,93.85,,121.07,67.85,,104.56,72.73,88.78,75.10,93.79,109.44,82.12,93.03,90.69
2012,2012-11-27,,93.09,,120.43,68.40,,106.07,72.89,87.75,74.84,93.44,103.85,83.38,92.50,87.83
2012,2012-11-28,,92.80,,118.01,68.95,,108.12,73.48,88.68,76.02,94.04,102.82,83.43,93.49,85.83
2012,2012-11-29,,93.83,,121.10,71.46,,109.42,71.40,87.34,77.87,95.09,101.11,83.13,94.36,85.89
2012,2012-11-30,,93.18,,124.37,73.24,,110.44,71.56,86.28,78.66,95.50,100.47,82.68,92.53,84.65
2012,2012-12-03,,93.33,,122.76,70.73,,109.95,71.44,85.66,78.13,95.12,101.50,81.90,92.96,84.60
2012,2012-12-04,,91.67,,123.07,71.83,,109.28,73.01,85.45,79.58,95.26,105.90,82.82,92.96,85.05
2012,2012-12-05,,85.78,,122.86,72.48,,108.77,72.58,86.45,81.42,95.89,110.47,83.68,93.76,91.24
2012,2012-12-06,,87.12,,124.57,70.55,,109.30,73.72,86.62,84.45,96.74,114.19,83.85,93.59,93.94
2012,2012-12-07,,84.89,,125.75,71.91,,108.21,73.72,85.76,84.85,96.23,113.42,83.38,93.73,95.20
2012,2012-12-10,,84.35,,126.79,72.82,,108.40,73.44,87.31,87.88,96.33,115.68,84.09,93.63,97.35
2012,2012-12-11,,86.19,,126.10,73.19,,110.21,75.52,88.54,89.20,96.97,116.20,84.44,97.34,96.62
2012,2012-12-12,,85.80,,126.49,72.14,,110.32,75.60,88.30,88.41,95.67,112.52,84.61,97.51,96.51
2012,2012-12-13,,84.32,,125.57,73.87,,111.13,74.93,87.86,87.75,94.57,112.52,83.41,96.02,96.43
2012,2012-12-14,,81.16,,125.67,70.13,,111.01,75.09,86.90,90.25,90.16,112.14,83.30,96.68,96.30
2012,2012-12-17,,82.60,,127.94,69.97,,113.99,75.21,87.82,87.09,93.49,113.76,83.77,97.05,96.96
2012,2012-12-18,,85.00,,128.35,72.48,,114.04,76.66,89.33,88.27,95.48,119.06,84.89,98.41,100.94
2012,2012-12-19,,83.79,,126.64,71.70,,113.88,77.17,88.51,89.86,94.26,122.95,85.47,98.11,105.01
2012,2012-12-20,,83.06,,125.52,71.57,,114.24,76.89,89.71,89.46,94.73,123.21,86.56,98.21,107.45
2012,2012-12-21,,82.68,,123.86,68.69,,113.17,75.95,88.95,83.27,92.84,123.50,85.40,97.11,107.29
2012,2012-12-24,,82.81,,123.52,70.44,,112.21,75.48,87.72,82.08,93.27,122.82,84.63,97.11,106.56
2012,2012-12-26,,81.68,,121.33,69.34,,112.11,75.52,87.07,81.42,92.81,123.21,84.28,96.71,107.29
2012,2012-12-27,,82.00,,119.28,68.14,,111.70,75.01,87.38,81.95,92.69,122.52,84.56,96.52,107.24
2012,2012-12-28,,81.13,,119.16,67.77,,110.71,73.99,86.04,80.76,91.37,121.45,83.85,95.65,105.67
2012,2012-12-31,,84.72,,120.31,69.63,,111.87,75.40,86.55,83.53,93.22,123.38,85.23,96.98,108.29
2013,2013-01-02,,87.40,,123.88,73.24,,114.38,78.19,89.50,87.35,97.57,129.57,88.02,101.43,110.73
2013,2013-01-03,,86.31,,125.82,72.64,,114.45,77.95,88.30,90.91,97.11,127.26,87.40,100.13,109.65
2013,2013-01-04,,83.90,,127.89,75.23,,116.71,77.36,86.66,91.70,95.68,127.52,87.85,99.90,109.29
2013,2013-01-07,,83.40,,132.23,76.96,,116.20,77.72,86.52,94.60,96.45,127.65,86.56,100.20,109.34
2013,2013-01-08,,83.63,,132.69,76.01,,115.97,77.13,86.04,95.26,96.30,127.31,85.55,99.04,107.00
2013,2013-01-09,,82.33,,133.44,80.02,,116.73,78.42,86.55,96.31,97.77,135.77,85.83,100.46,111.65
2013,2013-01-10,,83.34,,134.41,81.87,,117.26,79.72,85.76,97.76,97.61,136.58,87.33,101.83,112.57
2013,2013-01-11,,82.83,,131.29,82.97,,117.03,80.46,86.96,99.34,97.80,135.00,88.41,101.79,112.09
2013,2013-01-14,,79.88,,133.18,80.96,,114.38,80.46,87.14,100.13,96.80,137.74,88.56,101.53,113.93
2013,2013-01-15,,77.36,,133.05,78.73,,114.65,79.99,88.20,100.13,97.10,139.74,89.09,101.33,114.30
2013,2013-01-16,,80.57,,130.96,78.08,,113.10,80.86,87.65,101.05,97.63,139.10,88.99,102.06,115.48
2013,2013-01-17,,80.03,,134.18,78.84,,112.49,82.93,88.30,102.90,98.16,142.01,90.83,104.08,115.27
2013,2013-01-18,,79.60,,133.00,77.58,,111.42,77.72,88.30,103.95,97.46,143.46,91.11,105.24,114.22
2013,2013-01-22,,80.36,,132.75,80.38,,111.16,77.40,87.99,103.29,97.46,153.63,91.46,105.04,120.72
2013,2013-01-23,,81.83,,132.90,80.62,,117.26,77.21,89.47,102.50,97.79,148.50,91.33,103.85,119.96
2013,2013-01-24,,71.73,,135.68,81.30,,119.27,76.62,89.54,103.16,97.05,149.53,92.57,103.88,121.80
2013,2013-01-25,,70.03,,135.96,82.50,,119.19,76.66,90.36,103.69,95.92,151.07,93.50,102.99,122.56
2013,2013-01-28,,71.61,,133.15,84.93,,118.72,76.97,90.46,103.03,95.94,151.71,95.45,103.72,123.98
2013,2013-01-29,,72.96,,134.00,80.54,,119.19,77.80,90.77,99.87,95.61,137.52,94.76,103.22,117.52
2013,2013-01-30,,72.73,,134.64,81.72,,119.21,78.15,90.26,100.79,95.73,137.44,95.10,103.68,119.41
2013,2013-01-31,,72.52,,132.54,81.04,,119.51,76.93,88.95,99.60,99.48,137.78,95.30,104.51,119.81
2013,2013-02-01,,72.22,,136.65,77.77,,122.66,78.11,90.53,103.16,100.55,136.54,96.78,106.54,119.20
2013,2013-02-04,,70.42,,135.25,73.53,,120.04,77.36,88.92,102.24,98.92,137.05,95.92,105.11,118.21
2013,2013-02-05,,72.89,,137.01,74.91,,121.10,78.27,89.13,103.69,100.88,137.69,96.46,106.64,118.86
2013,2013-02-06,,72.81,,135.94,75.99,,121.80,77.56,88.61,104.74,101.24,140.38,96.61,106.04,122.32
2013,2013-02-07,,74.98,,135.94,74.94,,122.40,76.93,88.40,101.84,100.27,140.85,96.97,105.61,121.33
2013,2013-02-08,,76.06,,131.49,74.68,,124.20,77.60,89.30,102.11,100.88,143.89,97.75,108.30,123.58
2013,2013-02-11,,76.85,,131.57,73.92,,123.74,77.72,90.29,104.22,101.24,142.14,97.12,106.44,123.87
2013,2013-02-12,,74.92,,133.26,71.59,,123.46,78.31,90.36,104.35,99.29,140.64,97.15,106.04,122.80
2013,2013-02-13,,74.78,,136.88,73.01,,123.81,78.54,90.84,104.74,98.62,141.97,98.03,106.54,123.95
2013,2013-02-14,,74.71,,135.63,74.55,,124.59,78.46,90.87,106.46,98.74,141.71,100.36,106.77,124.40
2013,2013-02-15,,73.68,,137.04,74.08,,125.39,78.07,90.77,104.22,98.59,139.70,100.24,106.14,123.85
2013,2013-02-19,,73.66,,137.93,75.67,,127.60,77.95,91.66,106.98,98.95,138.59,101.16,107.24,123.79
2013,2013-02-20,,71.88,,140.05,74.44,,125.33,76.62,91.08,103.82,98.35,131.79,101.14,104.45,118.63
2013,2013-02-21,,71.42,,138.57,71.36,,125.81,74.85,89.85,101.19,97.68,128.63,100.15,102.62,116.58
2013,2013-02-22,,72.19,,139.59,70.97,,126.47,75.48,90.70,105.67,97.85,129.10,100.64,108.00,117.00
2013,2013-02-25,,70.91,,140.36,71.33,,125.06,74.77,89.43,104.48,97.65,125.04,98.58,106.57,114.22
2013,2013-02-26,,71.89,,139.18,71.65,,124.96,76.07,89.43,104.87,98.35,127.05,98.78,106.67,116.92
2013,2013-02-27,,71.19,,141.86,70.29,,126.48,77.36,90.87,107.77,98.92,129.66,100.00,108.33,119.83
2013,2013-02-28,,70.69,,137.29,71.28,,126.71,77.17,90.84,110.41,98.92,130.43,99.33,108.80,120.20
2013,2013-03-01,,68.93,,140.20,72.67,,127.50,77.72,91.32,108.70,99.91,131.07,97.77,109.06,122.80
2013,2013-03-04,,67.26,,142.94,72.51,,129.92,78.62,92.01,110.67,100.41,129.91,89.48,109.19,121.85
2013,2013-03-05,,69.04,,145.47,71.99,,132.62,79.48,92.66,115.02,102.42,131.15,90.64,110.59,123.29
2013,2013-03-06,,68.16,,143.68,71.80,,131.48,80.38,91.80,113.97,100.83,133.89,94.01,111.02,124.45
2013,2013-03-07,,68.95,,143.58,74.76,,131.67,80.89,91.97,117.79,101.02,130.64,93.80,111.22,120.49
2013,2013-03-08,,69.14,,141.40,73.14,,131.50,79.76,91.49,121.21,100.80,131.79,93.62,111.52,121.48
2013,2013-03-11,,70.12,,140.49,73.61,,132.02,80.15,91.08,123.19,100.88,135.17,93.04,112.21,122.38
2013,2013-03-12,,68.60,,137.68,72.80,,130.88,79.99,91.22,122.79,101.40,141.67,93.09,112.55,127.41
2013,2013-03-13,,68.59,,136.76,70.83,,130.52,80.07,91.25,125.30,100.96,143.21,92.10,111.52,128.44
2013,2013-03-14,,69.25,,135.38,70.73,,129.92,80.03,91.97,127.67,100.69,145.56,93.34,111.78,129.28
2013,2013-03-15,,71.05,,132.67,69.71,,128.78,79.01,91.63,123.45,98.26,143.33,94.05,110.85,127.86
2013,2013-03-18,,72.97,,132.03,69.29,,127.75,78.58,91.84,120.95,97.65,143.12,93.35,109.39,126.42
2013,2013-03-19,,72.77,,129.53,69.45,,128.31,78.15,92.08,121.74,97.88,139.44,93.11,109.53,124.53
2013,2013-03-20,,72.39,,133.38,67.64,,128.84,78.27,92.56,122.66,99.44,141.71,93.99,110.79,125.73
2013,2013-03-21,,72.50,,132.44,67.33,,128.30,77.76,91.87,119.50,98.84,140.00,92.76,108.33,122.59
2013,2013-03-22,,73.96,,133.51,67.30,,128.15,78.85,92.32,132.28,99.70,140.81,86.11,108.89,122.17
2013,2013-03-25,,74.23,,132.75,65.73,,128.04,78.19,92.01,130.17,99.33,140.81,84.69,108.93,121.14
2013,2013-03-26,,73.85,,134.87,65.94,,128.48,80.46,92.01,130.70,100.75,145.51,85.02,110.89,124.74
2013,2013-03-27,,72.39,,134.51,68.24,,126.94,80.70,92.69,131.23,100.85,148.76,85.34,110.85,128.46
2013,2013-03-28,,70.89,,135.45,66.91,,125.60,80.74,93.48,131.49,101.24,148.25,85.34,112.11,128.86
2013,2013-04-01,,68.68,,136.09,66.78,,126.71,79.21,93.48,123.58,99.83,148.89,84.72,110.62,129.14
2013,2013-04-02,,68.82,,138.90,66.49,,128.58,79.33,94.10,122.53,100.20,147.14,84.29,109.86,128.31
2013,2013-04-03,,69.17,,135.79,68.66,,127.50,77.80,93.34,119.89,99.78,146.24,84.48,107.90,129.64
2013,2013-04-04,,68.49,,135.99,70.81,,125.74,78.15,93.45,122.66,99.53,147.35,84.76,108.96,130.12
2013,2013-04-05,,67.77,,134.99,71.65,,123.84,77.40,93.79,122.66,98.56,144.02,84.16,108.07,127.60
2013,2013-04-08,,68.25,,135.96,70.23,,122.54,77.95,93.41,123.72,99.61,145.90,84.56,110.82,128.70
2013,2013-04-09,,68.38,,137.19,69.55,,122.98,80.38,96.78,126.09,99.76,149.87,84.67,111.09,132.14
2013,2013-04-10,,69.77,,139.97,72.12,,124.97,82.27,98.94,132.94,101.77,152.78,85.75,112.98,136.33
2013,2013-04-11,,69.54,,142.96,73.29,,125.00,80.70,94.58,131.49,101.38,148.12,84.71,112.78,134.23
2013,2013-04-12,,68.82,,139.05,71.67,,124.94,80.11,94.07,131.88,100.85,146.37,83.99,113.28,134.05
2013,2013-04-15,,67.23,,137.14,69.37,,123.66,79.01,93.76,125.96,99.04,141.11,81.56,111.45,131.09
2013,2013-04-16,,68.25,,139.16,70.42,,125.47,81.01,94.68,130.04,99.53,143.29,82.09,112.91,133.32
2013,2013-04-17,,64.50,,138.08,69.66,,123.76,81.05,94.20,123.72,97.14,140.81,81.45,108.10,129.56
2013,2013-04-18,,62.78,,138.75,67.20,,121.13,82.19,94.07,121.61,96.25,137.61,81.39,107.17,126.18
2013,2013-04-19,,62.53,,140.74,67.30,,126.50,82.93,97.29,123.19,96.69,139.66,81.92,108.23,127.94
2013,2013-04-22,,63.84,,137.14,67.93,,126.54,84.58,100.75,122.66,97.68,141.15,83.15,109.99,129.43
2013,2013-04-23,,65.03,,139.00,67.96,,127.76,86.43,100.00,124.11,98.84,146.11,84.24,112.81,136.41
2013,2013-04-24,,64.92,,141.25,68.30,,128.64,87.45,103.77,124.11,99.83,147.86,85.06,113.77,135.55
2013,2013-04-25,,65.39,,146.00,68.38,,127.95,86.43,104.39,125.56,94.43,148.16,85.62,114.11,134.78
2013,2013-04-26,,66.80,,144.70,70.23,,126.74,86.50,103.88,124.24,93.05,147.61,84.14,113.81,136.54
2013,2013-04-29,,68.88,,144.60,70.57,,129.53,87.80,106.55,123.19,93.17,146.88,85.68,114.54,138.67
2013,2013-04-30,,70.90,,147.46,72.64,,130.40,88.51,108.16,124.11,93.16,148.80,87.48,115.30,141.63
2013,2013-05-01,,70.35,,145.62,71.75,,129.75,88.66,106.93,121.21,93.65,149.79,85.81,115.93,140.42
2013,2013-05-02,,71.34,,135.33,75.78,,131.20,89.09,108.37,122.79,95.12,160.68,85.92,116.86,145.17
2013,2013-05-03,,72.05,,133.84,74.05,,133.75,89.41,109.43,126.88,96.45,167.18,88.23,117.86,146.43
2013,2013-05-06,,73.78,,134.33,72.12,,136.25,89.21,110.29,128.59,96.58,170.21,88.58,117.96,148.95
2013,2013-05-07,,73.44,,133.28,70.34,,135.57,90.11,108.85,131.36,96.75,171.62,89.84,117.96,150.73
2013,2013-05-08,,74.28,,133.92,70.94,,138.16,90.47,107.82,134.91,96.97,171.62,91.41,118.09,151.21
2013,2013-05-09,,73.63,,131.06,70.73,,137.82,90.90,106.72,141.11,96.96,163.55,90.79,117.86,147.80
2013,2013-05-10,,73.02,,131.98,69.79,,139.21,91.41,106.83,142.56,97.76,164.23,91.30,117.96,149.82
2013,2013-05-13,,73.30,,130.83,70.15,,138.78,89.84,107.92,140.45,98.04,164.83,90.25,116.36,148.37
2013,2013-05-14,,71.55,,134.56,70.81,,140.29,88.94,110.33,140.32,98.79,167.22,90.04,116.26,151.71
2013,2013-05-15,,69.12,,135.99,69.58,,144.84,90.27,111.39,143.21,99.12,166.24,91.67,117.23,152.65
2013,2013-05-16,,70.05,,133.79,68.35,,142.94,89.33,112.14,145.72,99.28,166.15,91.09,116.53,151.31
2013,2013-05-17,,69.84,,130.22,68.66,,143.78,89.68,114.75,149.01,100.74,169.74,91.22,117.09,154.91
2013,2013-05-20,,71.40,,127.48,67.38,,143.68,89.84,115.44,147.69,99.97,167.99,92.42,116.63,152.33
2013,2013-05-21,,70.87,,128.68,67.12,,143.43,90.11,114.68,147.96,99.45,169.96,93.19,116.53,155.59
2013,2013-05-22,,71.14,,124.06,65.81,,140.66,89.80,113.89,143.87,98.65,172.61,91.28,114.67,154.77
2013,2013-05-23,,71.27,,122.76,65.55,,139.61,89.72,112.38,150.07,96.66,175.98,92.53,114.60,159.52
2013,2013-05-24,,71.75,,122.40,63.59,,138.11,89.25,112.76,152.70,97.19,175.43,92.98,114.60,159.63
2013,2013-05-28,,71.15,,122.27,63.04,,139.37,89.84,115.23,155.20,96.91,176.45,92.77,115.27,161.07
2013,2013-05-29,,71.73,,121.46,61.00,,137.32,90.55,114.79,155.86,96.96,179.15,93.47,114.94,163.30
2013,2013-05-30,,72.79,,123.55,64.22,,137.71,90.31,115.27,156.65,97.07,178.76,93.92,116.13,163.46
2013,2013-05-31,,72.50,,125.72,63.69,,137.78,90.58,114.85,153.89,96.01,176.37,93.82,114.34,162.25
2013,2013-06-03,,72.65,,122.86,62.39,,137.21,94.15,117.12,154.55,96.16,179.96,93.69,114.74,163.48
2013,2013-06-04,,72.43,,123.27,61.52,,135.86,94.63,115.13,154.28,96.89,183.16,92.89,116.66,162.51
2013,2013-06-05,,71.75,,122.53,59.90,,135.96,92.15,114.44,158.37,96.05,178.85,92.10,114.21,160.94
2013,2013-06-06,,70.68,,123.47,60.08,,136.74,91.96,115.06,162.71,95.76,180.60,92.70,113.57,163.64
2013,2013-06-07,,71.21,,128.45,60.92,,139.13,91.72,117.39,166.67,94.45,180.17,93.07,115.20,164.38
2013,2013-06-10,,70.75,,124.29,63.64,,140.79,93.29,116.74,170.62,94.34,180.00,92.98,116.59,165.56
2013,2013-06-11,,70.54,,137.91,62.86,,139.14,92.19,114.65,168.77,93.77,179.87,92.19,112.28,165.37
2013,2013-06-12,,69.66,,137.55,62.18,,137.90,91.25,115.16,164.56,92.94,178.38,92.06,110.79,163.75
2013,2013-06-13,,70.27,,140.26,62.07,,138.69,93.21,114.27,170.09,94.23,180.04,93.02,112.98,164.66
2013,2013-06-14,,69.32,,137.06,61.81,,138.38,92.98,113.21,168.12,93.35,178.97,91.97,112.98,163.67
2013,2013-06-17,,69.64,,136.73,62.83,,140.16,93.64,115.16,174.44,94.40,180.17,91.88,113.94,165.66
2013,2013-06-18,,69.60,,134.97,63.33,,142.43,95.02,115.09,181.16,94.87,184.19,92.16,115.00,165.71
2013,2013-06-19,,68.18,,133.67,63.59,,142.44,93.25,113.83,184.06,94.15,181.67,91.05,113.71,162.88
2013,2013-06-20,,67.19,,128.74,62.52,,139.92,90.23,110.22,178.39,92.64,175.38,88.75,110.26,157.56
2013,2013-06-21,,66.65,,127.66,64.16,,139.32,90.27,109.47,183.14,92.26,172.95,87.93,111.28,154.22
2013,2013-06-24,,64.89,,125.29,62.62,,137.55,87.96,110.98,177.34,91.07,168.76,86.28,108.86,150.00
2013,2013-06-25,,64.90,,126.13,63.43,,136.98,89.09,110.81,181.16,94.01,173.55,87.06,111.52,153.88
2013,2013-06-26,,64.17,,127.61,63.20,,138.16,89.56,113.04,186.82,93.17,174.79,87.03,111.32,156.22
2013,2013-06-27,,63.48,100.00,126.79,64.50,,138.70,89.72,113.93,188.93,92.89,182.95,88.84,110.99,161.12
2013,2013-06-28,,63.92,101.37,124.55,65.08,,139.23,90.39,113.65,188.80,92.91,183.50,88.15,110.99,159.76
2013,2013-07-01,,65.96,99.84,121.84,64.90,,140.41,89.13,113.07,188.01,92.70,186.15,88.96,111.58,162.25
2013,2013-07-02,,67.46,104.67,122.63,63.85,,139.53,88.51,111.70,188.54,92.64,185.13,88.96,111.85,162.57
2013,2013-07-03,,67.83,103.90,120.84,64.14,,140.19,88.66,111.90,186.30,92.64,184.62,89.05,112.94,162.64
2013,2013-07-05,,67.28,104.67,121.02,63.75,,141.30,89.76,112.59,188.54,92.69,187.14,91.11,114.64,165.98
2013,2013-07-08,,66.91,104.72,124.32,64.64,,143.14,86.50,112.97,184.85,91.23,186.07,90.02,113.64,167.81
2013,2013-07-09,,68.07,106.15,122.27,66.65,,143.16,86.35,113.04,173.12,90.32,187.18,90.38,115.40,170.33
2013,2013-07-10,,67.82,104.01,120.84,67.49,,143.28,86.74,114.20,165.35,91.92,187.61,90.83,116.53,172.98
2013,2013-07-11,,68.88,106.59,124.52,67.51,,145.53,89.49,117.46,167.33,93.22,189.57,92.79,118.35,172.46
2013,2013-07-12,,68.75,106.21,125.77,67.77,,145.97,89.17,117.39,167.19,94.32,191.07,93.49,119.38,174.61
2013,2013-07-15,,68.90,106.48,127.23,68.74,,146.24,89.33,119.04,172.20,93.19,191.20,92.19,120.35,175.58
2013,2013-07-16,,69.35,109.45,126.16,68.85,,145.43,90.47,119.35,176.28,94.07,190.60,91.52,120.44,174.69
2013,2013-07-17,,69.36,110.93,126.00,69.71,,145.26,90.11,117.60,179.05,95.28,191.11,91.35,120.68,176.39
2013,2013-07-18,,69.59,113.40,129.76,68.48,,144.02,86.70,116.64,180.37,92.95,192.01,92.59,119.71,179.22
2013,2013-07-19,,68.49,113.45,129.27,67.70,,141.79,85.96,103.33,180.90,93.47,194.53,93.04,118.65,179.56
2013,2013-07-22,,68.72,110.76,130.42,68.14,,144.02,84.94,105.35,182.21,94.62,191.67,94.65,119.15,180.35
2013,2013-07-23,,67.54,110.10,130.37,68.35,,142.93,84.86,104.70,179.71,94.74,185.47,94.85,123.96,174.53
2013,2013-07-24,,71.00,111.97,131.14,69.34,,142.79,85.56,105.18,172.73,93.36,180.90,95.36,123.96,173.77
2013,2013-07-25,,70.69,119.66,133.41,89.88,,140.38,86.03,103.29,175.10,96.45,173.25,97.08,124.99,163.46
2013,2013-07-26,,71.08,117.52,132.18,88.96,,140.02,86.78,104.05,165.88,98.26,168.03,95.25,124.53,161.15
2013,2013-07-29,,72.18,118.12,130.88,92.68,,139.53,86.70,103.81,164.30,97.69,164.96,93.58,123.76,161.07
2013,2013-07-30,,73.07,117.57,131.80,98.43,,140.90,87.21,104.80,166.01,98.10,168.85,94.48,124.33,167.47
2013,2013-07-31,,72.94,117.08,134.87,96.26,,140.39,87.09,104.77,174.44,98.18,167.48,96.22,125.66,165.66
2013,2013-08-01,,73.61,117.90,145.67,98.06,,143.00,86.54,104.22,178.79,99.26,171.07,98.93,127.71,170.96
2013,2013-08-02,,74.56,122.13,148.74,99.53,,143.37,86.62,104.94,177.87,101.52,168.25,98.95,128.11,167.65
2013,2013-08-05,,75.67,124.05,148.30,102.51,,143.12,86.35,104.32,186.69,100.75,167.05,99.27,127.85,166.74
2013,2013-08-06,,74.99,124.16,148.97,100.84,,141.79,85.88,103.91,186.30,99.75,166.50,98.15,127.41,165.84
2013,2013-08-07,,74.94,124.93,147.82,101.67,,140.85,85.52,105.49,181.95,99.17,165.64,97.66,127.18,163.69
2013,2013-08-08,,74.80,125.59,148.76,100.81,,141.17,84.58,108.23,183.79,100.91,169.02,98.28,127.18,171.67
2013,2013-08-09,,73.73,125.48,147.28,100.71,,140.81,84.82,107.62,184.32,100.78,168.80,97.62,127.58,173.69
2013,2013-08-12,,75.83,126.08,146.16,99.97,,140.04,85.29,108.16,182.21,101.07,170.81,98.82,127.35,175.39
2013,2013-08-13,,79.44,127.40,146.97,96.83,,139.37,84.86,106.79,197.23,102.28,170.09,100.26,127.51,176.02
2013,2013-08-14,,80.88,127.18,145.42,95.87,,137.56,85.01,107.20,195.26,101.84,169.70,100.00,125.62,176.23
2013,2013-08-15,,80.79,125.21,142.20,95.63,,135.95,82.97,105.35,186.17,101.82,163.29,97.42,123.96,169.86
2013,2013-08-16,,81.50,125.48,140.74,96.99,,135.52,82.54,105.39,184.58,101.74,161.97,97.15,124.26,166.21
2013,2013-08-19,,82.39,125.70,140.49,98.90,,136.90,83.95,104.01,181.82,100.88,160.17,96.99,123.30,165.19
2013,2013-08-20,,81.30,125.81,141.07,100.47,,136.86,84.86,104.80,181.82,101.46,162.05,97.02,124.29,167.24
2013,2013-08-21,,81.51,125.37,140.79,100.24,,137.48,83.52,104.77,179.58,101.24,163.25,94.48,123.33,170.78
2013,2013-08-22,,81.61,125.26,142.12,100.84,,138.17,83.88,107.34,182.61,102.09,165.60,93.88,124.49,173.16
2013,2013-08-23,,81.29,126.69,143.50,106.07,,137.62,84.54,115.16,182.61,102.12,165.81,92.01,125.29,168.36
2013,2013-08-26,,81.61,125.10,141.33,108.13,,137.02,83.92,113.17,181.55,101.82,165.68,92.92,125.69,166.74
2013,2013-08-27,,79.27,120.98,138.95,103.69,,134.45,83.60,110.22,173.65,100.41,159.10,92.19,122.67,158.08
2013,2013-08-28,,79.65,119.66,139.28,106.07,,134.19,83.95,109.43,174.44,101.22,160.60,93.19,123.27,160.70
2013,2013-08-29,,79.79,120.21,141.10,107.98,,135.28,83.09,111.18,178.79,101.46,157.39,93.45,123.83,156.24
2013,2013-08-30,,79.05,119.38,140.26,108.00,,133.93,82.82,110.70,178.79,101.33,158.33,92.03,122.50,159.52
2013,2013-09-03,,79.27,122.68,139.72,109.52,,136.07,83.13,105.66,184.58,102.06,159.79,92.49,123.93,162.78
2013,2013-09-04,,80.92,125.26,141.28,109.29,,137.84,85.29,103.40,194.33,102.86,162.05,93.75,126.25,166.87
2013,2013-09-05,,80.36,126.96,143.27,111.59,,139.10,85.13,103.50,199.87,103.70,163.29,93.99,126.62,167.50
2013,2013-09-06,,80.84,126.52,142.15,114.96,,139.10,85.41,103.22,201.05,103.99,163.03,93.04,125.66,167.21
2013,2013-09-09,,82.13,124.99,141.38,115.20,,140.44,86.31,104.91,205.80,105.95,165.94,93.60,127.48,168.28
2013,2013-09-10,,80.25,125.37,141.66,114.05,,140.54,86.58,107.34,214.23,107.16,169.70,94.52,129.27,170.04
2013,2013-09-11,,75.89,127.51,141.15,117.81,,141.73,85.92,108.51,217.26,104.10,167.69,94.65,128.38,169.41
2013,2013-09-12,,76.69,125.70,140.28,117.05,,141.23,85.25,108.34,213.44,105.19,165.81,93.43,128.01,165.90
2013,2013-09-13,,75.43,127.95,139.21,115.90,,140.60,88.31,109.47,213.44,104.85,166.28,93.07,129.17,165.61
2013,2013-09-16,,73.03,129.98,141.69,111.20,,140.39,88.11,108.71,216.60,104.10,169.15,94.07,129.74,167.29
2013,2013-09-17,,73.88,126.47,141.40,117.89,,140.14,89.45,109.13,221.87,106.14,170.47,94.55,130.63,167.47
2013,2013-09-18,,75.40,129.54,129.81,118.31,,142.86,90.04,110.43,227.54,106.46,172.05,94.70,131.00,165.40
2013,2013-09-19,,76.64,127.73,132.92,120.27,,142.08,90.07,111.49,226.09,106.20,170.90,94.10,130.87,165.69
2013,2013-09-20,,75.84,124.60,126.49,124.22,,142.82,89.56,108.68,227.01,105.59,171.07,93.30,129.97,163.85
2013,2013-09-23,,79.61,129.93,122.38,123.44,,140.20,88.98,108.51,224.64,105.46,169.15,93.02,129.80,162.80
2013,2013-09-24,,79.35,132.29,121.79,126.73,,140.25,89.29,107.55,224.51,104.74,172.69,93.49,129.27,166.42
2013,2013-09-25,,78.13,131.36,123.14,129.37,,138.73,89.29,107.75,223.58,105.12,181.24,94.08,129.31,168.36
2013,2013-09-26,,78.89,130.59,122.84,131.81,,138.88,88.19,108.61,230.17,105.29,178.25,94.80,129.51,163.54
2013,2013-09-27,,78.33,130.53,121.35,134.03,,138.60,86.58,110.26,232.15,103.01,179.79,94.27,128.81,163.54
2013,2013-09-30,,77.36,124.27,117.37,131.39,,138.52,86.35,110.29,230.17,102.92,180.81,93.43,129.21,163.75
2013,2013-10-01,,79.18,126.30,119.67,131.89,,140.27,85.99,111.29,232.02,103.19,184.70,96.78,129.57,165.40
2013,2013-10-02,,79.44,124.00,117.09,131.52,,140.43,86.23,112.42,232.67,103.47,189.87,95.98,129.11,166.71
2013,2013-10-03,,78.43,126.96,114.56,128.64,,138.55,85.13,112.21,237.42,102.60,188.25,94.65,129.01,165.69
2013,2013-10-04,,78.37,127.13,119.67,133.51,,137.96,85.92,112.28,243.35,103.99,189.53,95.28,128.08,167.97
2013,2013-10-07,,79.14,125.48,119.39,132.15,,136.91,85.99,110.36,243.61,102.73,186.58,94.05,127.85,166.34
2013,2013-10-08,,78.04,125.86,119.95,123.31,,135.00,84.70,109.40,236.23,101.44,185.04,93.20,125.85,163.69
2013,2013-10-09,,78.95,123.50,117.80,122.34,,135.35,85.09,109.61,239.13,100.46,185.43,92.31,126.02,163.04
2013,2013-10-10,,79.45,125.48,123.60,128.30,,137.31,87.01,111.87,242.82,102.18,190.21,92.91,128.68,169.25
2013,2013-10-11,,79.96,125.15,122.53,128.46,,137.90,87.64,113.10,221.87,103.28,191.20,93.41,129.51,172.35
2013,2013-10-14,,80.49,124.00,122.94,129.51,,138.55,88.35,114.17,224.90,103.58,195.56,92.79,130.04,177.96
2013,2013-10-15,,80.92,123.34,123.35,129.48,,139.49,88.11,114.31,222.92,104.22,194.10,91.65,129.07,176.47
2013,2013-10-16,,81.30,123.45,125.24,133.77,,142.02,89.29,114.79,223.45,105.29,198.42,92.61,130.70,179.04
2013,2013-10-17,,81.86,124.00,125.64,136.57,,140.56,90.11,115.71,225.96,105.04,200.21,94.10,130.37,181.98
2013,2013-10-18,,82.57,125.15,127.87,141.83,,159.95,89.96,115.85,224.37,104.57,206.75,94.65,130.57,185.34
2013,2013-10-21,,84.59,122.84,128.07,140.86,,158.67,90.94,115.95,218.31,105.13,208.63,94.57,131.46,186.78
2013,2013-10-22,,84.35,124.11,127.08,137.80,,159.25,90.66,114.61,220.82,105.37,203.03,94.80,129.17,186.57
2013,2013-10-23,,85.17,123.72,126.33,135.76,,163.11,89.45,111.87,218.05,102.49,198.68,93.92,127.41,181.09
2013,2013-10-24,,86.31,119.82,127.08,137.20,,162.19,89.60,111.73,221.74,102.34,200.64,94.27,127.91,182.19
2013,2013-10-25,,85.34,120.59,125.42,135.89,,160.55,91.33,118.42,218.45,104.38,205.77,94.66,129.04,187.59
2013,2013-10-28,,85.98,120.04,126.82,131.39,,160.52,91.76,117.87,220.29,104.79,205.98,95.53,131.53,187.07
2013,2013-10-29,,83.83,119.49,127.33,129.22,,163.88,92.39,117.70,230.57,105.38,199.36,97.79,134.92,187.88
2013,2013-10-30,,85.16,120.32,127.02,128.20,,162.96,92.31,117.77,229.12,105.55,204.53,96.61,134.78,189.09
2013,2013-10-31,,84.81,119.71,119.97,131.34,,162.98,92.19,117.36,232.94,106.25,201.15,97.17,135.98,179.85
2013,2013-11-01,,84.38,120.04,119.18,130.13,,162.42,91.64,117.74,231.62,106.87,203.29,97.08,135.78,180.40
2013,2013-11-04,,85.47,124.88,122.61,126.13,,162.28,91.41,119.11,235.70,106.35,203.55,97.14,135.68,186.15
2013,2013-11-05,,85.26,125.21,126.46,131.08,,161.55,91.37,121.44,232.81,105.51,200.26,96.57,135.38,183.87
2013,2013-11-06,,85.01,125.15,124.44,128.49,,161.74,92.19,126.52,230.57,106.62,200.26,96.82,136.14,184.34
2013,2013-11-07,,83.63,125.10,122.45,124.40,,159.40,91.49,124.29,233.47,102.57,196.15,96.37,134.55,181.40
2013,2013-11-08,,84.95,124.93,122.09,124.33,,160.68,91.60,125.21,238.60,103.12,200.85,98.05,135.65,185.13
2013,2013-11-11,,84.71,118.23,121.53,120.85,,159.82,91.92,124.56,240.71,103.37,199.70,98.50,135.01,184.84
2013,2013-11-12,,84.87,114.83,122.61,121.92,,160.01,92.90,123.81,245.45,104.74,199.32,99.23,135.21,186.31
2013,2013-11-13,,84.96,113.40,123.12,127.41,,163.28,93.53,126.45,249.28,107.06,203.29,99.05,136.94,187.09
2013,2013-11-14,,86.20,112.69,122.48,128.15,,163.72,92.74,126.00,252.83,108.88,208.89,100.06,137.74,195.91
2013,2013-11-15,,85.68,117.74,122.20,128.20,,163.45,93.25,125.39,256.39,110.34,204.02,100.97,137.47,195.15
2013,2013-11-18,,84.64,116.31,120.51,119.88,,163.14,93.53,123.29,254.15,109.98,202.18,99.74,137.11,191.82
2013,2013-11-19,,84.79,115.98,118.26,121.27,,162.13,93.92,122.68,251.12,109.84,199.49,98.03,136.18,190.14
2013,2013-11-20,,84.05,118.56,118.52,121.45,,161.68,93.41,123.81,247.69,108.60,198.93,96.86,135.48,190.98
2013,2013-11-21,,85.05,119.99,117.22,122.16,,163.53,95.92,124.87,263.37,109.63,201.07,98.67,137.11,193.28
2013,2013-11-22,,84.84,120.92,115.73,120.93,,163.19,90.78,125.45,266.01,111.55,201.50,98.97,137.77,194.05
2013,2013-11-25,,85.48,121.64,115.22,117.24,,165.41,90.31,125.69,261.66,110.83,202.01,98.35,137.47,193.23
2013,2013-11-26,,87.05,121.14,116.35,120.04,,167.38,89.92,124.70,267.59,112.60,203.42,97.83,137.97,193.36
2013,2013-11-27,,89.11,121.09,116.63,121.61,,168.13,90.90,125.56,278.92,112.99,204.36,97.38,137.37,196.80
2013,2013-11-29,,90.75,121.64,116.55,122.97,,167.57,90.66,127.31,278.00,113.02,204.44,97.04,138.93,193.81
2013,2013-12-02,,89.96,122.52,114.92,123.10,,166.76,90.11,128.40,280.24,112.82,207.78,96.84,138.30,194.86
2013,2013-12-03,,92.43,122.52,114.36,122.23,,166.57,89.56,127.92,287.62,112.62,206.92,96.11,138.40,195.09
2013,2013-12-04,,92.21,124.93,113.61,127.18,,167.35,90.27,130.02,286.69,112.41,208.29,95.66,137.07,200.37
2013,2013-12-05,,92.69,122.79,113.77,126.45,,167.21,92.23,126.90,285.24,112.49,207.78,96.78,137.84,198.32
2013,2013-12-06,,91.39,123.23,114.92,125.40,,169.20,94.39,128.10,293.94,113.31,214.36,98.02,140.52,203.80
2013,2013-12-09,,92.44,123.39,113.69,127.75,,170.50,94.78,129.26,304.61,112.71,211.41,97.47,140.79,203.54
2013,2013-12-10,,92.30,122.68,113.51,131.44,,171.53,94.39,127.24,304.87,112.73,212.35,97.10,140.26,204.91
2013,2013-12-11,,91.61,121.91,113.23,129.17,,170.37,92.86,125.59,296.44,112.16,206.62,93.62,138.30,201.08
2013,2013-12-12,,91.48,123.01,112.39,135.57,,169.21,93.06,124.29,296.97,111.72,205.98,91.95,137.04,203.70
2013,2013-12-13,,90.48,121.36,116.17,139.47,,167.76,92.35,122.50,304.08,111.49,208.42,92.46,135.55,204.17
2013,2013-12-16,,90.98,122.46,117.88,140.75,,169.69,92.98,123.19,300.00,111.82,214.02,92.36,136.64,210.91
2013,2013-12-17,,90.58,120.87,116.83,143.50,,169.20,93.76,121.96,301.98,112.02,220.73,93.28,137.07,215.42
2013,2013-12-18,,89.89,122.13,118.83,145.36,,171.55,95.65,122.16,287.35,112.41,219.49,93.09,139.26,212.07
2013,2013-12-19,,88.86,120.37,119.11,144.00,,171.78,95.61,121.03,284.85,111.27,218.80,92.98,137.17,212.07
2013,2013-12-20,,89.60,122.02,122.63,144.18,,174.06,95.29,122.88,292.09,112.00,232.05,94.53,138.40,213.56
2013,2013-12-23,,93.04,121.58,123.17,151.11,,176.35,96.27,122.26,283.14,111.89,233.50,93.99,140.09,213.43
2013,2013-12-24,,92.64,123.39,123.19,151.61,,175.83,96.70,123.81,287.48,112.21,233.21,95.02,140.33,214.01
2013,2013-12-26,,92.03,124.93,122.53,151.01,,176.72,97.72,125.01,286.43,112.88,233.55,95.47,140.82,215.37
2013,2013-12-27,,91.40,125.48,122.58,145.02,,176.87,97.33,124.53,283.53,113.37,232.05,95.84,141.09,214.69
2013,2013-12-30,,90.49,126.69,121.84,140.49,,175.46,98.31,124.53,280.63,113.01,235.64,95.94,141.82,216.68
2013,2013-12-31,,91.55,127.46,121.23,142.95,,177.24,98.71,124.91,286.56,114.06,234.10,96.59,141.85,217.50
2014,2014-01-02,,90.27,127.57,122.27,143.11,,176.04,98.08,124.08,285.38,112.63,230.98,95.25,139.26,214.32
2014,2014-01-03,,88.29,127.51,121.63,142.72,,174.75,98.04,123.26,276.28,111.97,236.88,95.30,139.86,215.90
2014,2014-01-06,,88.77,129.54,119.69,149.62,,176.70,96.82,120.65,272.33,111.67,237.39,94.20,138.70,214.87
2014,2014-01-07,,88.14,130.81,122.71,151.50,,180.11,97.29,121.58,286.30,112.51,245.13,95.60,137.97,222.04
2014,2014-01-08,,88.70,130.81,124.29,152.31,,180.48,96.70,119.42,314.49,113.18,248.59,95.60,139.86,224.00
2014,2014-01-09,,87.57,133.66,126.77,149.67,,178.74,96.23,118.63,306.19,113.54,241.84,96.71,139.13,220.15
2014,2014-01-10,,86.98,135.75,127.92,151.56,,178.73,97.10,120.34,312.38,113.48,243.42,98.15,139.30,221.54
2014,2014-01-13,,87.44,134.71,128.43,146.25,,177.59,96.98,116.81,307.38,112.47,244.02,97.15,136.48,219.33
2014,2014-01-14,,89.18,133.55,127.79,151.03,,181.77,100.82,119.49,311.86,112.74,251.50,97.79,140.03,227.83
2014,2014-01-15,,90.96,133.44,126.90,150.67,,181.65,101.41,122.74,307.38,114.45,253.63,102.04,140.66,230.67
2014,2014-01-16,,90.46,133.50,128.33,149.59,,182.85,100.90,123.19,304.74,114.78,252.86,102.30,140.13,230.59
2014,2014-01-17,,88.24,133.33,126.16,147.27,,181.95,98.31,121.48,294.86,114.80,255.13,101.65,140.39,230.25
2014,2014-01-21,,89.61,135.31,125.59,153.05,,184.03,97.29,120.79,304.61,115.91,255.30,102.38,141.69,230.35
2014,2014-01-22,,90.00,133.66,126.23,150.43,,184.24,96.23,119.97,311.59,116.41,254.27,102.94,144.14,228.33
2014,2014-01-23,,90.77,132.84,128.20,148.13,,183.46,95.57,120.41,311.46,116.55,253.21,102.28,142.45,225.66
2014,2014-01-24,,89.12,128.89,126.41,142.43,,177.73,94.35,122.92,301.98,113.79,244.15,100.92,138.77,220.36
2014,2014-01-27,,89.84,127.13,126.69,140.07,,174.16,94.00,120.31,301.71,112.44,242.01,98.26,137.77,219.28
2014,2014-01-28,,82.67,129.27,126.31,144.23,,177.60,94.66,121.10,303.69,110.59,214.79,97.72,138.60,216.11
2014,2014-01-29,,81.72,125.37,124.04,140.02,,175.05,93.84,122.40,299.21,109.26,223.63,97.87,137.97,218.28
2014,2014-01-30,,81.57,128.61,126.56,159.77,,179.56,94.08,123.09,308.96,112.54,221.37,99.79,138.90,225.37
2014,2014-01-31,,81.70,129.16,124.19,163.67,,186.77,93.33,126.35,303.56,114.01,220.34,100.94,137.97,223.37
2014,2014-02-03,,81.85,125.92,121.33,160.82,,179.25,91.06,121.82,300.53,112.63,212.99,95.15,135.01,216.45
2014,2014-02-04,,83.04,127.51,123.45,164.14,,180.00,90.58,121.37,303.03,111.39,208.38,95.98,133.02,216.45
2014,2014-02-05,,83.66,127.13,123.88,162.67,,180.79,90.27,119.62,307.11,111.17,204.74,96.42,133.29,214.48
2014,2014-02-06,,84.15,127.68,123.47,162.59,,183.44,92.08,120.82,317.65,112.51,206.88,99.08,134.15,216.08
2014,2014-02-07,,85.33,128.50,123.27,168.24,,186.21,92.94,122.09,322.92,114.31,208.25,100.90,136.48,219.52
2014,2014-02-10,,86.85,126.25,124.34,166.23,,185.49,93.25,122.88,327.67,114.73,209.83,104.27,137.84,219.54
2014,2014-02-11,,88.00,125.92,125.75,169.63,,188.22,93.92,124.12,325.56,116.16,207.61,103.50,140.33,220.02
2014,2014-02-12,,87.99,129.16,130.34,168.58,,187.67,94.23,125.11,327.93,117.39,206.97,103.37,140.89,223.11
2014,2014-02-13,,89.39,135.53,132.90,176.12,,189.76,94.82,125.59,328.19,117.42,208.59,105.20,142.32,224.69
2014,2014-02-14,,89.32,132.62,133.56,175.49,,190.22,95.06,125.63,330.43,117.18,210.85,110.03,142.71,224.79
2014,2014-02-18,,89.64,134.54,134.33,176.04,,191.50,95.06,125.90,334.91,116.13,209.06,109.68,143.18,223.82
2014,2014-02-19,,88.22,134.76,132.08,178.03,,190.14,94.04,126.17,334.91,116.40,206.20,109.23,142.95,221.51
2014,2014-02-20,,87.20,135.09,132.06,182.13,,190.43,94.98,127.00,335.84,116.66,210.34,110.07,143.81,223.56
2014,2014-02-21,,86.24,134.71,130.57,179.41,,190.38,93.76,127.75,330.43,116.15,213.42,109.28,143.64,228.15
2014,2014-02-24,,86.61,134.65,131.32,185.14,,191.75,94.55,126.79,326.09,115.86,215.17,109.04,144.61,229.67
2014,2014-02-25,,85.71,132.73,133.64,182.71,,192.94,94.51,126.28,319.63,115.08,213.16,107.64,144.67,227.57
2014,2014-02-26,,84.94,135.15,132.34,181.17,,192.97,95.21,126.04,319.10,115.28,217.56,106.61,145.20,231.45
2014,2014-02-27,,86.63,139.59,117.93,180.33,,192.81,95.06,127.38,318.71,115.50,218.33,106.66,145.70,229.22
2014,2014-02-28,,86.40,143.00,115.15,179.07,,192.25,95.06,128.89,318.71,115.66,219.49,107.82,146.27,225.50
2014,2014-03-03,,86.64,141.74,114.94,176.33,,190.20,94.04,127.10,322.53,113.64,219.91,105.63,145.04,227.86
2014,2014-03-04,,87.22,142.83,115.22,179.96,,192.13,94.47,129.23,330.83,117.46,223.63,107.71,147.26,230.09
2014,2014-03-05,,87.40,145.91,114.18,187.21,,192.66,94.04,128.20,327.14,118.33,221.03,107.68,147.00,228.99
2014,2014-03-06,,87.13,146.46,113.97,185.30,,192.88,94.55,128.34,326.35,118.83,210.68,107.62,148.62,224.82
2014,2014-03-07,,87.09,140.75,113.31,182.58,,192.11,94.59,127.51,321.74,118.52,207.31,107.71,149.19,218.39
2014,2014-03-10,,87.17,140.36,116.30,188.41,,191.60,95.37,127.24,327.40,118.94,210.85,107.94,149.25,220.62
2014,2014-03-11,,88.01,139.87,117.37,183.36,,189.78,94.94,127.89,325.03,118.39,209.79,105.90,148.59,215.71
2014,2014-03-12,,88.10,138.77,117.83,185.40,,190.93,95.06,128.75,327.27,118.78,213.42,105.97,151.08,218.18
2014,2014-03-13,,87.12,135.80,116.99,180.04,,188.05,94.31,127.48,317.65,116.73,209.32,104.49,146.37,218.28
2014,2014-03-14,,86.14,135.48,117.16,177.14,,185.47,94.04,126.83,315.68,115.35,210.90,105.84,144.18,220.41
2014,2014-03-17,,86.48,139.21,116.25,179.81,,188.53,94.82,127.99,315.28,118.86,213.29,107.39,147.30,220.70
2014,2014-03-18,,87.24,139.04,116.86,180.98,,191.56,95.29,133.04,322.66,119.54,218.38,108.84,147.73,223.77
2014,2014-03-19,,87.22,139.37,117.09,178.50,,189.66,96.04,132.11,315.94,118.55,217.31,107.49,148.09,222.61
2014,2014-03-20,,86.80,138.77,117.27,175.18,,189.33,97.61,135.68,316.34,120.54,223.33,108.26,152.77,228.10
2014,2014-03-21,,87.48,138.39,118.24,175.88,,187.09,96.63,135.09,311.73,120.67,224.96,107.38,153.40,229.72
2014,2014-03-24,,88.52,138.22,115.76,167.67,,183.12,96.43,136.26,309.35,119.97,222.91,107.77,151.51,228.07
2014,2014-03-25,,89.48,143.44,116.53,169.74,,183.25,97.72,135.71,310.01,121.25,231.84,108.72,151.91,232.92
2014,2014-03-26,,88.62,143.82,115.22,157.96,,179.02,97.41,133.86,300.79,120.85,233.63,107.34,150.95,232.35
2014,2014-03-27,,88.24,144.04,114.89,159.48,100.00,176.22,97.18,132.42,293.02,122.00,230.51,107.39,149.92,233.32
2014,2014-03-28,,88.14,145.96,113.59,156.97,100.27,177.15,98.35,135.57,288.67,122.36,230.98,110.65,151.74,232.56
2014,2014-03-31,,88.13,149.97,114.33,157.57,99.73,176.25,99.10,137.91,311.73,121.70,236.20,114.11,153.44,238.82
2014,2014-04-01,,88.93,155.35,115.86,163.80,101.56,179.48,99.76,139.35,322.00,123.62,239.70,115.78,154.63,243.28
2014,2014-04-02,,89.07,156.29,115.53,164.06,101.53,179.51,99.37,139.11,320.82,123.68,240.38,117.17,154.93,244.86
2014,2014-04-03,,88.45,153.32,111.78,155.61,102.02,180.58,101.37,137.98,316.21,124.32,241.37,116.15,155.16,243.10
2014,2014-04-04,,87.31,152.88,108.91,148.44,97.26,172.29,100.43,134.13,297.50,121.20,235.77,115.26,150.78,235.39
2014,2014-04-07,,85.94,150.63,106.46,148.97,96.36,170.83,101.69,133.89,286.03,120.51,231.15,114.40,150.48,233.05
2014,2014-04-08,,85.93,149.59,105.44,152.21,99.36,176.16,103.30,133.96,292.62,121.75,233.59,115.11,152.17,236.65
2014,2014-04-09,,87.06,154.42,107.00,163.25,101.02,179.17,103.57,136.16,297.76,123.36,234.19,121.36,153.70,237.33
2014,2014-04-10,,85.94,152.66,100.64,154.75,96.86,172.74,101.45,132.42,285.64,120.49,226.88,119.34,148.12,229.33
2014,2014-04-11,,85.31,149.70,99.34,153.10,95.01,169.92,100.51,131.90,278.39,120.40,224.53,114.11,146.33,229.43
2014,2014-04-14,,85.65,150.58,100.84,154.04,95.36,172.27,101.96,131.80,288.54,122.14,230.56,115.95,147.46,234.99
2014,2014-04-15,,85.03,152.06,102.76,154.56,96.06,173.38,102.75,133.72,292.09,122.67,230.81,118.12,149.05,232.45
2014,2014-04-16,,85.21,154.91,102.02,156.21,99.66,178.18,103.37,135.92,296.18,123.74,234.10,119.79,147.10,234.81
2014,2014-04-17,,86.19,155.41,99.85,154.17,96.00,171.68,103.81,134.61,315.02,125.50,233.72,119.13,149.12,236.83
2014,2014-04-21,,87.20,155.24,99.13,160.19,94.66,170.43,103.45,134.37,333.60,124.90,234.19,117.95,150.02,239.98
2014,2014-04-22,,87.30,156.62,100.31,164.87,95.77,172.36,103.02,134.55,344.93,124.40,234.10,118.74,151.58,239.53
2014,2014-04-23,,86.15,156.07,99.72,160.50,94.36,169.84,102.71,133.52,345.85,124.56,227.56,117.88,151.18,235.23
2014,2014-04-24,,93.21,155.19,99.59,159.22,94.04,168.87,102.71,134.10,344.66,120.18,226.84,116.92,157.72,233.58
2014,2014-04-25,,93.90,152.17,99.49,150.95,92.43,165.29,100.82,134.27,332.81,119.77,221.71,114.99,150.78,228.28
2014,2014-04-28,,97.54,152.83,98.93,146.85,92.60,165.25,101.06,137.50,323.85,120.46,221.20,116.17,148.85,227.68
2014,2014-04-29,,97.25,152.44,99.00,152.11,94.49,169.47,101.65,136.30,330.70,121.18,224.96,116.14,151.05,227.47
2014,2014-04-30,,96.89,154.04,96.42,156.37,94.31,169.01,102.47,135.92,344.14,121.48,221.11,116.98,148.85,229.09
2014,2014-05-01,,97.11,154.15,108.56,159.95,95.15,170.16,101.53,134.58,345.85,121.90,213.42,115.89,148.12,214.01
2014,2014-05-02,,97.29,154.86,108.74,158.15,94.53,168.69,101.37,133.52,346.64,121.90,214.66,118.18,149.92,217.65
2014,2014-05-05,,98.67,155.96,107.41,160.14,94.51,169.15,101.33,132.66,352.31,122.78,212.44,117.69,149.72,218.23
2014,2014-05-06,,97.59,153.76,105.34,153.10,92.24,165.12,101.45,131.39,351.52,122.41,211.37,117.45,148.62,219.54
2014,2014-05-07,,97.25,151.67,105.16,150.12,91.32,163.68,102.12,132.62,348.09,122.44,210.26,117.11,149.25,216.79
2014,2014-05-08,,97.07,156.73,102.68,148.47,91.50,164.36,102.00,133.34,354.81,122.69,207.26,117.28,151.01,217.42
2014,2014-05-09,,96.68,160.13,105.36,149.73,92.89,166.40,101.84,133.00,353.62,122.69,208.38,117.76,150.12,213.14
2014,2014-05-12,,97.88,164.09,108.33,156.50,94.89,170.13,102.12,134.48,362.45,123.43,209.36,119.97,153.77,214.48
2014,2014-05-13,,98.03,163.37,109.63,156.50,95.46,171.11,102.39,136.95,364.03,124.04,213.46,119.97,151.11,214.85
2014,2014-05-14,,98.04,162.05,108.74,154.93,94.30,168.86,101.96,136.33,353.89,124.10,215.56,117.90,149.35,221.93
2014,2014-05-15,,97.21,162.38,108.05,151.50,93.11,167.19,100.71,134.17,340.71,123.13,214.02,116.60,147.00,221.85
2014,2014-05-16,,98.65,163.10,109.35,151.77,93.23,166.93,99.96,134.92,342.95,122.56,215.30,117.03,147.33,223.45
2014,2014-05-19,,99.81,160.79,109.27,154.88,94.70,170.26,100.82,134.68,354.94,123.18,217.52,117.91,149.32,221.88
2014,2014-05-20,,99.84,159.80,109.96,153.18,94.86,170.75,100.82,134.44,349.80,123.25,213.93,116.83,149.68,218.07
2014,2014-05-21,,100.09,162.00,111.93,158.23,96.50,173.69,101.45,136.71,355.60,122.96,215.21,117.65,149.49,217.60
2014,2014-05-22,,100.26,153.87,113.15,158.30,97.60,175.51,101.26,135.85,357.97,122.78,217.05,116.08,151.11,217.55
2014,2014-05-23,,101.39,155.68,112.54,160.48,98.97,178.15,101.80,135.92,360.08,123.29,218.46,117.60,151.44,220.65
2014,2014-05-27,,103.29,157.72,111.24,166.05,101.34,181.64,103.41,136.16,369.70,124.18,224.40,118.85,151.78,227.39
2014,2014-05-28,,103.02,158.65,110.42,166.13,100.58,180.25,104.08,135.54,376.94,123.80,223.42,117.82,152.14,226.81
2014,2014-05-29,,104.90,159.36,112.01,166.96,100.29,180.28,104.39,136.67,376.55,123.76,223.16,112.80,152.80,226.63
2014,2014-05-30,,104.50,160.96,111.78,165.58,100.26,180.63,105.77,138.70,376.68,124.16,225.98,111.40,153.87,228.49
2014,2014-06-02,,103.79,161.39,111.34,165.00,99.19,178.32,105.53,138.18,377.60,124.85,226.32,112.19,153.87,227.99
2014,2014-06-03,,105.26,161.83,110.70,164.45,97.58,175.21,107.10,136.50,377.73,124.73,225.21,113.93,153.87,228.59
2014,2014-06-04,,106.46,162.93,111.14,165.68,97.53,174.97,106.87,136.60,381.69,123.99,225.56,113.16,153.44,231.87
2014,2014-06-05,,106.87,164.09,112.29,165.29,99.18,178.50,107.10,139.62,382.61,123.58,228.63,113.23,155.23,239.17
2014,2014-06-06,,106.58,164.58,113.69,163.48,99.62,178.85,109.06,140.51,389.20,124.70,233.42,113.14,155.56,239.72
2014,2014-06-09,,108.28,165.73,112.95,164.48,100.66,180.34,108.04,139.83,382.08,124.04,229.83,113.48,156.79,238.35
2014,2014-06-10,,108.92,166.72,112.41,172.04,100.37,179.57,109.34,139.28,388.80,122.85,229.32,114.06,157.09,236.12
2014,2014-06-11,,108.47,166.72,111.29,172.06,100.07,179.32,108.12,138.42,408.30,122.89,229.19,114.08,157.48,235.91
2014,2014-06-12,,106.66,165.84,110.09,168.17,98.73,176.79,108.24,137.50,406.59,123.08,228.03,113.83,157.65,233.42
2014,2014-06-13,,105.49,166.94,109.99,168.72,98.80,177.06,115.65,139.69,410.67,122.74,232.82,112.24,158.28,239.61
2014,2014-06-16,,106.56,168.15,111.34,167.90,97.46,174.51,116.20,140.58,420.42,122.01,235.13,111.85,157.62,237.88
2014,2014-06-17,,106.42,171.44,111.14,168.45,97.23,173.98,115.97,141.20,424.90,122.82,238.97,115.11,158.05,240.11
2014,2014-06-18,,106.53,171.39,111.65,171.59,99.09,177.15,115.89,141.10,422.40,122.86,240.21,114.34,156.75,241.87
2014,2014-06-19,,106.16,173.75,111.14,168.30,99.36,178.52,116.52,140.62,419.10,123.73,237.95,114.77,156.89,237.41
2014,2014-06-20,,105.06,175.67,112.80,168.72,99.62,179.01,116.95,141.20,419.63,123.90,236.67,114.02,156.99,237.88
2014,2014-06-23,,104.97,175.01,112.67,170.99,101.16,181.46,117.03,142.26,411.86,123.22,235.30,113.33,157.45,238.22
2014,2014-06-24,,104.34,173.81,112.85,171.91,101.10,180.91,118.09,141.44,428.19,122.22,235.47,112.71,156.26,235.70
2014,2014-06-25,,104.42,176.33,111.95,176.41,103.62,185.14,119.58,142.40,426.09,121.09,238.76,113.98,157.32,240.19
2014,2014-06-26,,105.05,175.40,113.41,175.60,103.14,184.77,119.18,141.34,421.61,122.20,238.50,115.11,156.49,240.06
2014,2014-06-27,,106.30,173.37,112.77,176.82,103.36,185.06,119.77,143.12,415.15,122.55,239.36,115.20,156.39,242.71
2014,2014-06-30,,107.40,174.46,112.80,176.01,103.01,184.74,119.65,141.27,434.12,122.88,238.97,117.03,156.49,241.13
2014,2014-07-01,,108.08,175.40,113.38,178.03,104.34,186.90,119.93,141.85,447.69,123.69,247.61,119.04,158.81,246.77
2014,2014-07-02,,108.04,177.05,113.54,173.82,104.28,186.67,119.93,141.96,444.80,124.38,248.25,118.98,158.85,250.60
2014,2014-07-03,,108.67,177.87,114.05,173.40,104.70,187.40,120.56,141.61,444.40,125.66,249.23,121.25,160.31,252.20
2014,2014-07-07,,110.91,172.71,112.59,170.78,104.26,186.67,120.13,142.26,432.94,125.39,247.95,120.93,160.21,250.10
2014,2014-07-08,,110.19,173.48,111.65,164.16,102.26,182.76,119.22,141.54,436.50,125.12,246.84,120.65,159.97,246.51
2014,2014-07-09,,110.24,175.18,110.96,169.95,103.16,184.33,119.62,141.17,433.33,125.31,245.94,120.01,161.37,246.35
2014,2014-07-10,,109.83,174.52,110.50,169.68,102.26,183.28,121.03,141.23,431.75,124.78,247.39,118.16,160.47,249.27
2014,2014-07-11,,110.04,172.27,112.90,173.53,103.71,185.37,120.99,142.61,432.15,123.49,250.00,116.87,161.40,255.43
2014,2014-07-14,,111.47,172.38,112.95,177.61,104.73,187.77,121.93,142.78,442.56,123.36,250.94,117.11,160.21,257.16
2014,2014-07-15,,110.16,170.57,112.72,175.70,104.71,187.39,122.79,143.81,448.22,123.24,251.03,116.77,159.34,257.87
2014,2014-07-16,,109.53,171.55,113.82,176.98,104.33,186.62,134.17,149.33,456.39,123.52,257.86,120.40,160.64,264.45
2014,2014-07-17,,107.58,170.79,112.41,173.71,102.73,183.53,130.48,150.87,435.44,121.18,250.17,119.41,157.68,256.43
2014,2014-07-18,,109.13,171.17,112.46,178.97,106.56,191.20,130.48,151.39,436.76,123.16,247.26,120.39,159.87,259.84
2014,2014-07-21,,108.56,170.29,112.90,181.53,105.55,189.09,131.86,151.90,435.70,123.60,246.37,121.10,161.04,258.71
2014,2014-07-22,,109.46,170.57,114.07,181.19,106.50,190.71,134.68,151.87,443.08,126.49,249.15,121.71,160.87,261.67
2014,2014-07-23,,112.32,170.62,114.41,186.48,106.72,191.23,133.58,152.01,443.74,126.60,248.93,121.17,157.85,260.20
2014,2014-07-24,,112.13,171.50,114.15,196.13,106.25,190.54,132.60,150.43,446.38,118.17,250.56,120.97,156.72,260.20
2014,2014-07-25,,112.88,169.74,114.30,196.68,105.47,188.98,132.60,150.77,440.32,118.06,250.21,119.81,153.34,259.58
2014,2014-07-28,,114.43,169.69,114.10,195.97,105.76,189.28,132.52,148.95,421.34,117.64,248.68,119.69,155.06,263.38
2014,2014-07-29,,113.69,170.35,115.30,192.81,104.86,187.67,132.37,148.68,423.32,116.84,249.79,119.00,154.13,263.33
2014,2014-07-30,,113.43,171.17,117.32,195.34,105.19,188.14,132.99,147.65,428.59,117.97,252.69,119.99,155.66,264.30
2014,2014-07-31,,110.49,169.08,116.19,190.03,102.35,183.12,131.23,146.21,402.50,114.37,246.45,117.54,152.44,260.97
2014,2014-08-01,,111.09,169.58,114.66,189.28,101.36,181.24,130.64,145.21,409.62,112.55,244.70,117.02,152.41,262.04
2014,2014-08-04,,110.47,168.26,110.88,192.28,102.63,183.98,131.82,146.93,417.52,113.65,246.88,117.32,152.87,266.74
2014,2014-08-05,,109.93,169.80,111.03,190.14,101.18,181.10,127.93,145.93,409.62,112.87,241.32,116.40,151.58,265.56
2014,2014-08-06,,109.74,170.29,111.52,189.56,101.42,181.52,128.05,144.80,404.22,113.09,241.28,116.14,152.17,266.16
2014,2014-08-07,,109.73,167.71,112.26,191.39,100.88,180.68,127.38,146.45,391.04,112.46,240.85,115.09,150.51,265.42
2014,2014-08-08,,110.03,168.86,114.13,191.11,101.85,182.62,127.07,146.35,395.78,114.62,241.41,115.37,152.70,264.64
2014,2014-08-11,,111.49,169.91,115.12,192.10,101.69,182.40,128.68,146.35,405.01,115.94,241.54,116.59,153.24,263.72
2014,2014-08-12,,111.47,171.11,113.87,190.50,100.76,180.78,129.11,147.44,404.48,115.02,240.68,116.21,153.80,259.97
2014,2014-08-13,,112.94,173.15,114.71,192.96,102.92,184.71,132.91,149.33,413.44,115.58,245.47,117.80,155.16,262.30
2014,2014-08-14,,113.24,174.79,116.45,194.35,102.90,184.74,132.29,149.98,408.96,115.99,247.44,118.44,155.76,262.20
2014,2014-08-15,,113.80,175.51,116.99,192.60,102.69,184.44,133.19,151.73,414.89,115.44,248.93,119.51,156.75,262.88
2014,2014-08-18,,115.16,178.91,118.39,195.11,104.24,187.28,134.13,152.83,422.13,116.40,250.94,120.87,156.75,263.46
2014,2014-08-19,,116.76,180.62,119.59,196.94,105.09,188.67,133.86,154.55,426.88,116.55,252.52,122.15,157.19,261.28
2014,2014-08-20,,116.81,180.07,120.77,195.68,104.66,188.14,134.48,153.24,438.74,118.59,253.50,122.84,157.78,261.88
2014,2014-08-21,,116.82,181.71,120.69,195.06,104.46,187.19,136.99,154.17,437.29,119.10,256.07,124.11,158.75,263.09
2014,2014-08-22,,117.67,181.49,120.18,195.06,104.32,187.23,136.17,153.93,438.60,119.17,255.81,123.27,158.25,263.85
2014,2014-08-25,,117.93,182.15,120.31,196.23,103.89,186.61,135.66,154.00,437.55,118.83,258.29,124.09,156.12,266.24
2014,2014-08-26,,117.17,183.47,121.25,198.69,103.47,185.83,135.62,153.45,433.20,119.47,257.05,124.24,156.52,266.34
2014,2014-08-27,,118.62,182.87,120.64,195.21,102.25,184.21,135.58,152.97,434.65,119.41,259.23,125.63,157.48,268.34
2014,2014-08-28,,118.76,180.56,120.13,193.20,101.92,183.37,135.03,153.00,432.28,118.44,263.08,125.05,158.25,266.66
2014,2014-08-29,,119.05,181.05,120.36,195.71,102.35,184.01,136.09,154.89,429.51,118.72,265.17,126.36,158.78,269.12
2014,2014-09-02,,119.97,181.60,121.25,200.58,103.38,185.99,134.72,153.72,415.15,117.09,261.97,130.14,157.88,266.47
2014,2014-09-03,,114.91,173.64,122.58,198.35,103.49,186.27,134.72,153.28,417.39,116.82,261.45,130.31,159.34,265.79
2014,2014-09-04,,113.96,171.94,121.51,198.67,104.21,187.42,136.05,154.31,423.19,117.17,258.29,127.99,159.01,263.75
2014,2014-09-05,,114.94,173.48,124.29,202.09,104.95,188.88,136.41,156.50,433.99,118.26,259.83,126.66,160.11,263.67
2014,2014-09-08,,114.24,173.37,124.96,203.74,105.60,190.10,137.70,158.42,436.63,118.41,259.70,126.06,159.81,262.41
2014,2014-09-09,,113.81,172.21,123.88,200.55,104.04,187.05,136.05,159.42,421.34,118.31,257.74,126.04,159.11,260.86
2014,2014-09-10,,117.30,171.88,123.04,202.54,104.41,187.51,136.48,159.69,422.79,118.45,259.57,126.60,158.15,260.97
2014,2014-09-11,,117.80,171.17,122.30,203.82,104.10,186.78,136.48,160.24,422.13,118.74,257.91,127.74,158.68,261.41
2014,2014-09-12,,118.07,171.99,122.43,202.67,103.07,184.81,134.92,159.21,415.42,117.51,258.50,126.53,157.62,260.97
2014,2014-09-15,,118.03,168.92,121.20,195.08,102.62,183.78,134.64,157.63,395.52,117.12,249.32,125.07,156.85,254.85
2014,2014-09-16,,117.14,169.91,121.35,199.01,103.85,186.04,136.13,159.42,414.36,118.11,251.07,126.08,157.92,256.30
2014,2014-09-17,,117.98,171.72,119.11,199.92,104.71,187.47,136.33,158.59,421.34,118.30,249.91,126.32,159.41,255.56
2014,2014-09-18,,118.22,174.14,119.26,201.41,105.52,188.72,137.07,159.14,427.93,119.25,253.33,126.94,161.43,260.15
2014,2014-09-19,,117.25,174.30,117.01,203.79,106.74,191.29,135.70,161.99,416.73,117.83,247.09,124.60,160.67,257.40
2014,2014-09-22,,117.37,171.55,114.07,200.89,105.18,188.72,135.27,160.45,403.16,119.02,244.06,120.63,160.37,256.56
2014,2014-09-23,,119.21,167.11,112.26,204.79,104.06,186.80,134.17,158.73,411.07,118.30,240.64,119.51,160.37,253.46
2014,2014-09-24,,118.17,169.74,111.42,205.44,105.29,189.09,135.43,160.48,424.51,118.94,243.38,119.51,160.87,256.95
2014,2014-09-25,,113.67,166.28,110.27,201.99,102.97,184.92,133.07,156.95,417.65,116.71,238.38,116.15,158.65,251.29
2014,2014-09-26,,117.02,167.55,110.70,206.09,103.34,185.76,133.54,158.22,445.72,117.09,240.56,114.15,159.28,254.17
2014,2014-09-29,,116.27,167.98,109.02,206.64,103.21,185.73,136.01,158.32,454.55,116.73,242.61,111.96,159.04,251.44
2014,2014-09-30,,117.02,170.18,107.66,206.75,103.38,185.92,135.70,158.04,451.38,116.65,242.65,110.18,157.19,254.25
2014,2014-10-01,,115.19,166.39,106.95,200.24,101.76,183.15,132.48,156.47,441.37,115.25,233.38,105.71,154.50,248.11
2014,2014-10-02,,116.03,164.96,108.20,201.62,102.08,183.54,130.64,155.99,445.45,114.91,235.26,105.97,154.36,249.50
2014,2014-10-03,,115.70,168.37,108.61,202.56,103.01,185.24,132.64,157.12,447.17,116.77,237.61,106.65,154.30,250.26
2014,2014-10-06,,115.70,167.55,107.41,202.88,103.38,185.72,132.95,157.12,429.12,116.57,237.95,107.13,153.67,248.43
2014,2014-10-07,,114.69,165.18,106.33,199.56,100.95,181.40,130.44,155.20,419.89,114.67,234.10,105.39,151.64,244.78
2014,2014-10-08,,117.07,165.29,108.71,202.77,102.51,184.45,133.58,159.49,425.82,117.29,241.79,106.51,154.70,250.94
2014,2014-10-09,,117.32,163.32,105.85,198.56,100.43,180.36,131.03,156.30,403.69,115.57,238.25,103.93,151.68,244.99
2014,2014-10-10,,117.00,158.98,104.65,190.71,97.50,175.43,124.36,150.09,366.14,111.11,232.78,101.20,140.86,237.30
2014,2014-10-13,,115.92,155.41,104.85,190.92,95.48,172.13,122.64,148.82,356.13,110.31,224.49,100.06,138.20,226.84
2014,2014-10-14,,114.69,155.74,103.91,192.49,96.33,173.37,125.26,149.09,360.87,112.10,222.69,100.77,139.43,225.26
2014,2014-10-15,,113.29,155.79,102.50,191.50,94.91,170.86,121.93,147.34,362.85,111.08,220.17,101.07,140.92,223.24
2014,2014-10-16,,111.79,154.81,102.20,189.98,93.92,169.65,120.24,145.69,372.86,110.98,221.97,101.63,143.64,224.50
2014,2014-10-17,,113.44,159.20,102.09,198.67,91.53,165.25,122.32,148.75,379.05,112.99,224.36,103.33,143.91,227.81
2014,2014-10-20,,115.86,158.65,102.99,201.28,93.26,168.22,123.07,150.26,391.17,114.29,228.16,103.87,146.37,230.40
2014,2014-10-21,,119.01,163.26,106.46,205.83,94.28,170.00,127.11,153.00,410.94,116.99,233.93,106.10,154.13,237.88
2014,2014-10-22,,119.62,161.78,105.34,205.00,95.39,171.48,125.77,151.29,402.77,115.91,230.00,104.77,153.63,234.18
2014,2014-10-23,,121.75,163.76,106.62,209.36,97.41,174.94,127.42,153.48,406.98,117.21,239.49,106.29,154.90,237.64
2014,2014-10-24,,122.21,164.20,109.32,211.01,96.66,173.44,129.31,157.26,409.22,118.56,247.31,107.84,156.79,240.50
2014,2014-10-27,,122.08,163.70,108.43,209.99,96.83,173.75,129.38,156.50,425.56,118.31,248.89,107.19,158.02,243.84
2014,2014-10-28,,123.97,166.28,109.12,211.27,98.29,176.61,131.50,158.49,429.64,119.46,252.01,109.85,159.84,244.18
2014,2014-10-29,,124.67,164.42,107.59,198.43,98.37,176.46,132.21,158.94,425.30,119.94,255.21,109.40,160.40,251.29
2014,2014-10-30,,124.25,165.13,121.43,193.85,98.54,177.03,126.99,156.98,419.24,120.70,254.87,108.50,157.75,249.71
2014,2014-10-31,,125.43,169.03,121.76,196.15,100.11,179.43,132.56,160.07,435.97,122.47,266.24,111.79,164.82,258.05
2014,2014-11-03,,127.06,170.24,121.10,193.25,99.42,178.14,133.74,161.72,441.50,122.06,271.92,113.12,166.21,264.30
2014,2014-11-04,,126.13,170.13,120.79,198.17,99.22,178.27,134.64,162.16,439.66,120.29,270.73,114.55,167.28,262.33
2014,2014-11-05,,126.43,171.72,122.09,195.74,97.75,175.67,132.44,163.16,444.14,120.43,270.13,115.52,169.70,265.69
2014,2014-11-06,,126.79,177.98,123.09,196.86,97.06,174.32,132.68,166.00,439.39,110.11,267.22,115.69,168.97,256.74
2014,2014-11-07,,127.16,178.58,122.12,197.75,96.88,174.36,131.74,165.93,434.91,108.05,263.08,115.05,168.93,256.30
2014,2014-11-10,,126.95,179.46,122.66,196.18,98.04,176.39,130.48,166.66,435.97,108.21,263.97,115.48,171.13,256.14
2014,2014-11-11,,127.96,178.58,122.78,195.16,98.54,177.35,130.68,166.59,437.42,108.65,264.15,115.71,170.33,254.33
2014,2014-11-12,,129.77,177.92,123.68,195.45,98.00,176.39,130.95,166.28,433.60,109.65,266.32,116.74,170.20,256.11
2014,2014-11-13,,131.60,178.47,123.19,194.22,97.66,175.82,132.13,169.13,433.99,110.21,265.43,115.57,169.86,256.64
2014,2014-11-14,,133.19,180.56,123.73,195.87,97.48,175.43,133.19,169.02,429.78,110.53,268.68,115.93,171.36,258.16
2014,2014-11-17,,132.96,180.12,125.24,194.19,96.07,172.72,134.33,168.61,425.43,109.82,273.46,115.11,171.09,258.50
2014,2014-11-18,,134.69,182.15,125.72,194.45,95.80,172.05,136.17,167.20,433.07,112.33,276.28,116.01,172.05,263.35
2014,2014-11-19,,133.76,180.29,126.13,191.81,96.16,172.90,134.76,165.42,434.26,109.93,276.15,115.13,172.39,262.09
2014,2014-11-20,,135.67,180.34,126.72,192.52,95.77,171.81,141.04,167.07,437.55,110.31,280.09,114.66,173.35,266.97
2014,2014-11-21,,135.86,184.02,126.82,192.91,96.25,172.49,139.62,164.60,451.91,111.49,277.52,116.96,174.44,266.79
2014,2014-11-24,,138.38,191.71,126.44,193.59,96.56,172.99,142.21,163.26,457.58,111.83,282.18,117.24,175.41,269.57
2014,2014-11-25,,137.17,191.76,126.05,197.83,96.89,173.54,142.49,162.85,458.50,112.74,282.01,118.59,174.05,269.23
2014,2014-11-26,,138.81,192.64,128.63,203.03,96.76,173.07,144.76,163.81,469.30,113.38,281.41,116.15,180.32,271.96
2014,2014-11-28,,138.73,192.64,130.11,203.24,97.02,173.50,146.14,164.01,473.65,114.39,282.52,116.68,180.62,270.91
2014,2014-12-01,,134.22,189.07,130.29,196.44,95.58,170.52,145.82,166.79,461.00,112.65,281.79,115.87,180.05,267.97
2014,2014-12-02,,133.71,188.85,130.19,197.38,95.58,170.18,147.51,166.24,469.04,115.05,288.63,115.80,181.08,269.46
2014,2014-12-03,,135.23,184.40,130.65,195.87,95.14,169.67,146.84,164.94,475.63,116.70,285.68,117.95,184.60,270.57
2014,2014-12-04,,134.71,187.48,129.55,196.81,96.21,171.44,146.96,167.55,475.23,115.08,282.44,116.94,183.90,272.09
